0x803d30,Name value,Description value,Character Number,Class (support viewer only),Portrait (Zero is Default),Mini Portrait (Zero is Default),Affinity,Units Screen Priority,Level,Base HP,Base Strength/Magic,Base Skill,Base Speed,Base Defense,Base Resistance,Base Luck,Constitution Bonus,Sword Level,Lance Level,Axe Level,Bow Level,Staff Level,Anima Level,Light Level,Dark Level,HP Growth,Strength/Magic Growth,Skill Growth,Speed Growth,Defense Growth,Magic Defense Growth,Luck Growth,***UNKNOWN*** (Zero),***UNKNOWN*** (Zero),***UNKNOWN*** (Zero),***UNKNOWN*** (Zero),***UNKNOWN*** (Zero),Character Ability 1,Character Ability 2,Character Ability 3,Character Ability 4,Supports Data Pointer,***UNKNOWN***,***UNKNOWN*** (Zero),***UNKNOWN*** (Zero),***UNKNOWN*** (Zero)
None,0x0,0x19,0x1b,0x0,0x1d,0x1f,0,0x0,33,0,35,0,37,0,39,0,0,41,0,43,0,45,0,47,0,0,49,0,51,0,5,4,0x2,0x4,0x1c,0x3,0x0,0x7,0xf0,0x1,0xf0,0x3018001,0x4,0x0,0x0,0x0
Sanders,SandersName,SandersDescription,0x1,Mercenary,SandersMug,0x0,1,0x1,1,4,2,0,1,1,2,5,1,0,0,0,0,0,0,0,0,75,40,50,50,30,15,35,0x0,0x0,0x0,0x0,0x0,0x0,0x20,0x0,0x0,0,0x0,0x0,0x0,0x0
Finn,FinnName,FinnDescription,0x2,LanceKnight,FinnMug,0x0,6,0x3,3,6,3,3,0,2,3,6,1,0,0,0,0,0,0,0,0,80,60,55,25,40,25,25,0x0,0x0,0x0,0x0,0x0,0x0,0x0,0x0,0x0,0,0x0,0x0,0x0,0x0
Scott,ScottName,ScottDescription,0x3,Cavalier,ScottMug,0x0,3,0x7,2,4,1,3,3,0,2,7,0,31,1,0,0,0,0,0,0,75,35,55,60,20,30,30,0x0,0x0,0x0,0x0,0x0,0x0,0x0,0x0,0x0,0,0x0,0x0,0x0,0x0
Renge,RengeName,RengeDescription,0x4,Cleric,RengeMug,0x0,5,0x6,1,0,0,2,5,1,0,7,(-2),0,0,0,0,0,0,0,0,50,5,35,65,10,35,70,0x0,0x0,0x0,0x0,0x0,0x0,0x40,0x0,0x0,0,0x0,0x0,0x0,0x0
Marisa,MarisaName,MarisaDescription,0x5,Mage_F,MarisaMug,0x0,7,0x8,2,3,0,2,4,0,0,6,3,0,0,0,0,0,0,0,0,60,15,35,45,10,35,65,0x0,0x0,0x0,0x0,0x0,0x0,0x40,0x0,0x0,0,0x0,0x0,0x0,0x0
Oskar,OskarName,OskarDescription,0x6,Fighter,OskarMug,0x0,7,0x9,3,8,5,3,0,4,1,4,5,0,0,0,0,0,0,0,0,90,75,45,20,30,10,50,0x0,0x0,0x0,0x0,0x0,0x0,0x0,0x0,0x0,0,0x0,0x0,0x0,0x0
Blanc,BlancName,BlancDescription,0x7,Fighter_F,BlancMug,0x0,4,0xa,2,5,4,3,3,1,1,6,1,0,0,0,0,0,0,0,0,70,40,55,50,20,20,60,0x0,0x0,0x0,0x0,0x0,0x0,0x40,0x0,0x0,0,0x0,0x0,0x0,0x0
Sayori,SayoriName,SayoriDescription,0x8,PegasusKnight,SayoriMug,0x0,6,0xb,3,4,4,2,6,2,3,3,1,0,0,0,0,0,0,0,0,60,30,45,55,15,45,25,0x0,0x0,0x0,0x0,0x0,0x0,0x40,0x20,0x0,0,0x0,0x0,0x0,0x0
Wolt,WoltName,WoltDescription,0x9,Archer,WoltMug,0x0,4,0xc,2,4,4,5,4,1,2,5,1,0,0,0,0,0,0,0,0,60,65,55,60,10,5,15,0x0,0x0,0x0,0x0,0x0,0x0,0x0,0x0,0x0,0,0x0,0x0,0x0,0x0
Arden,ArdenName,ArdenDescription,0xa,LanceArmor,ArdenMug,0x0,3,0xd,4,11,5,4,5,1,2,5,3,31,1,0,0,0,0,0,0,80,55,40,35,45,15,25,0x0,0x0,0x0,0x0,0x0,0x0,0x0,0x40,0x0,0,0x0,0x0,0x0,0x0
Wrys,WrysName,WrysDescription,0xb,Priest,WrysMug,0x0,6,0x14,3,8,5,4,3,5,(-2),6,3,0,0,0,0,0,0,0,0,70,45,40,35,35,15,25,0x0,0x0,0x0,0x0,0x0,0x0,0x0,0x0,0x0,0,0x0,0x0,0x0,0x0
Neptune,NeptuneName,NeptuneDescription,0xc,Myrmidon_F,NeptuneMug,0x0,2,0xf,6,8,4,3,1,3,3,9,0,71,0,0,0,0,0,0,0,65,35,55,60,15,20,70,0x0,0x0,0x0,0x0,0x0,0x0,0x40,0x0,0x0,0,0x0,0x0,0x0,0x0
Wilbell,WilbellName,WilbellDescription,0xd,Shaman_F,WilbellMug,0x0,4,0x10,4,7,0,6,6,3,3,6,3,0,0,0,0,0,0,0,0,65,5,35,30,15,55,35,0x0,0x0,0x0,0x0,0x0,0x0,0x40,0x0,0x0,0,0x0,0x0,0x0,0x0
Brian,BrianName,BrianDescription,0xe,Thief,BrianMug,0x0,2,0x1f,8,12,5,5,0,5,2,6,7,71,0,0,0,0,0,0,0,80,55,45,30,30,15,30,0x0,0x0,0x0,0x0,0x0,0x0,0x0,0x0,0x0,0,0x0,0x0,0x0,0x0
Donnalen,DonnalenName,DonnalenDescription,0xf,Brawler,DonnalenMug,0x0,2,0x1,3,5,0,0,0,0,3,8,3,0,0,31,0,0,0,0,0,90,60,40,35,40,10,25,0x0,0x0,0x0,0x0,0x0,0x0,0x20,0x0,0x0,0,0x0,0x0,0x0,0x0
Otaku,OtakuName,OtakuDescription,0x10,Mercenary,OtakuMug,0x0,5,0x5,10,12,7,2,4,4,4,5,2,71,0,0,0,0,0,0,0,80,55,50,30,35,10,15,0x0,0x0,0x0,0x0,0x0,0x0,0x0,0x0,0x0,0,0x0,0x0,0x0,0x0
Gohard,GohardName,GohardDescription,0x11,AxeArmor,GohardMug,0x0,1,0x4,11,18,9,8,5,4,3,8,0,0,31,71,0,0,0,0,0,85,65,40,20,55,10,35,0x0,0x0,0x0,0x0,0x0,0x0,0x40,0x40,0x0,0,0x0,0x0,0x0,0x0
Yandahl,YandahlName,YandahlDescription,0x12,Soldier,YandahlMug,0x0,7,0x13,11,14,7,7,11,6,3,5,3,0,71,0,0,0,0,0,0,85,45,30,55,30,15,30,0x0,0x0,0x0,0x0,0x0,0x0,0x0,0x0,0x0,0,0x0,0x0,0x0,0x0
Milanor,MilanorName,MilanorDescription,0x13,Brigand,MilanorMug,0x0,6,0xe,13,11,9,7,8,5,3,12,0,0,0,71,0,0,0,0,0,85,60,45,55,25,10,30,0x0,0x0,0x0,0x0,0x0,0x0,0x0,0x0,0x0,0,0x0,0x0,0x0,0x0
Guts,GutsName,GutsDescription,0x14,FreeKnight,GutsMug,0x0,5,0x15,12,12,8,12,4,2,3,5,7,71,0,0,0,0,0,0,0,85,65,55,30,25,10,20,0x0,0x0,0x0,0x0,0x0,0x0,0x0,0x0,0x0,0,0x0,0x0,0x0,0x0
Kohaku,KohakuName,KohakuDescription,0x15,Maid,KohakuMug,0x0,3,0x16,1,9,2,0,5,3,5,11,1,31,0,0,0,121,0,0,0,65,25,30,55,15,45,55,0x0,0x0,0x0,0x0,0x0,0x0,0x40,0x0,0x0,0,0x0,0x0,0x0,0x0
Ky,KyName,KyDescription,0x16,Myrmidon,KyMug,0x0,2,0x17,13,16,9,1,1,7,4,8,2,121,0,0,0,0,0,0,0,75,45,45,40,20,10,20,0x0,0x0,0x0,0x0,0x0,0x0,0x0,0x0,0x0,0,0x0,0x0,0x0,0x0
Derek,DerekName,DerekDescription,0x17,Cavalier,DerekMug,0x0,4,0x18,14,16,7,9,8,6,5,9,2,121,71,0,0,0,0,0,0,80,45,40,50,35,15,30,0x0,0x0,0x0,0x0,0x0,0x0,0x0,0x0,0x0,0,0x0,0x0,0x0,0x0
Eevster,EevsterName,EevsterDescription,0x18,Troubadour,EevsterMug,0x0,4,0x19,10,10,2,7,10,4,6,12,1,0,0,0,0,121,0,0,0,55,5,25,45,15,40,85,0x0,0x0,0x0,0x0,0x0,0x0,0x40,0x0,0x0,0,0x0,0x0,0x0,0x0
Arle,ArleName,ArleDescription,0x19,LightMage_F,ArleMug,0x0,7,0x1b,14,11,3,10,10,3,7,13,3,0,0,0,0,0,0,71,0,70,20,55,40,25,30,45,0x0,0x0,0x0,0x0,0x0,0x0,0x40,0x0,0x0,0,0x0,0x0,0x0,0x0
Jason,JasonName,JasonDescription,0x1a,ArchKnight,JasonMug,0x0,2,0x1c,15,16,6,7,8,5,6,10,3,0,0,0,71,0,0,0,0,80,55,40,45,35,20,25,0x0,0x0,0x0,0x0,0x0,0x0,0x0,0x0,0x0,0,0x0,0x0,0x0,0x0
Devvy,DevvyName,DevvyDescription,0x1b,Wanderer,DevvyMug,0x0,5,0x0,2,5,0,0,0,0,3,6,2,31,31,0,0,0,0,0,0,80,45,65,60,25,30,25,0x0,0x0,0x0,0x0,0x0,0x0,0x0,0x0,0x0,0,0x0,0x0,0x0,0x0
Norne,NorneName,NorneDescription,0x1c,Archer_F,NorneMug,0x0,3,0x1d,1,4,2,3,3,2,4,8,1,0,0,0,31,0,0,0,0,70,50,60,55,20,20,55,0x0,0x0,0x0,0x0,0x0,0x0,0x40,0x0,0x0,0,0x0,0x0,0x0,0x0
Natsuki,NatsukiName,NatsukiDescription,0x1d,Medic,NatsukiMug,0x0,6,0x1e,1,2,1,3,4,1,3,6,0,0,0,0,0,31,0,0,0,55,15,40,60,10,55,65,0x0,0x0,0x0,0x0,0x0,0x0,0x40,0x20,0x0,0,0x0,0x0,0x0,0x0
Paniel,PanielName,PanielDescription,0x1e,Pirate,PanielMug,0x0,4,0x22,3,9,5,3,2,1,0,4,4,0,0,31,0,0,0,0,0,95,55,25,60,15,10,25,0x0,0x0,0x0,0x0,0x0,0x0,0x0,0x0,0x0,0,0x0,0x0,0x0,0x0
Naoto,NaotoName,NaotoDescription,0x1f,Mercenary,NaotoMug,0x0,5,0x20,2,3,4,(-1),0,0,1,7,2,31,0,0,0,0,0,0,0,70,40,55,45,25,15,55,0x0,0x0,0x0,0x0,0x0,0x0,0x0,0x0,0x0,0,0x0,0x0,0x0,0x0
Ginko,GinkoName,GinkoDescription,0x20,Mage,GinkoMug,0x0,6,0x11,2,6,3,0,2,3,0,6,3,0,0,0,0,0,31,0,0,80,20,25,35,35,15,45,0x0,0x0,0x0,0x0,0x0,0x0,0x0,0x0,0x0,0,0x0,0x0,0x0,0x0
Schezo,SchezoName,SchezoDescription,0x21,Battlemage,SchezoMug,0x0,5,0x23,1,11,7,2,3,3,2,9,0,121,0,0,0,0,71,0,0,80,30,45,35,30,25,50,0x0,0x0,0x0,0x0,0x0,0x0,0x0,0x20,0x0,0,0x0,0x0,0x0,0x0
Draco,DracoName,DracoDescription,0x22,WyvernRider,DracoMug,0x0,1,0x12,3,2,0,2,3,0,1,4,(-1),0,31,0,0,0,0,0,0,70,50,35,40,30,5,15,0x0,0x0,0x0,0x0,0x0,0x0,0x40,0x0,0x0,0,0x0,0x0,0x0,0x0
Wendy,WendyName,WendyDescription,0x23,Recruit_2,WendyMug,0x0,1,0x24,1,4,2,3,1,1,3,9,3,0,31,0,0,0,0,0,0,85,55,40,40,40,25,55,0x0,0x0,0x0,0x0,0x0,0x0,0x40,0x0,0x0,0,0x0,0x0,0x0,0x0
Anabelle,AnabelleName,AnabelleDescription,0x24,AxeKnight,AnabelleMug,0x0,2,0x28,3,5,2,3,1,1,1,5,2,0,1,31,0,0,0,0,0,80,50,45,35,35,20,35,0x0,0x0,0x0,0x0,0x0,0x0,0x40,0x0,0x0,0,0x0,0x0,0x0,0x0
Valerie,ValerieName,ValerieDescription,0x25,Telos,ValerieMug,0x0,5,0x27,3,8,3,1,1,3,4,5,2,71,0,0,0,31,0,0,0,65,30,60,60,15,30,55,0x0,0x0,0x0,0x0,0x0,0x0,0x40,0x0,0x0,0,0x0,0x0,0x0,0x0
Sadao,SadaoName,SadaoDescription,0x26,Shaman,SadaoMug,0x0,1,0x26,3,11,4,5,3,7,0,4,5,0,0,0,0,0,0,0,31,85,40,35,20,35,15,25,0x0,0x0,0x0,0x0,0x0,0x0,0x0,0x0,0x0,0,0x0,0x0,0x0,0x0
Nanaya,NanayaName,NanayaDescription,0x27,Thief,NanayaMug,0x0,7,0x29,5,9,3,8,3,2,2,5,2,71,0,0,0,0,0,0,0,65,25,50,65,20,15,35,0x0,0x0,0x0,0x0,0x0,0x0,0x0,0x0,0x0,0,0x0,0x0,0x0,0x0
Arthur,ArthurName,ArthurDescription,0x28,FreeKnight,ArthurMug,0x0,7,0x2b,8,9,6,7,2,4,5,8,2,71,0,0,0,0,0,0,0,85,45,40,30,40,15,65,0x0,0x0,0x0,0x0,0x0,0x0,0x0,0x0,0x0,0,0x0,0x0,0x0,0x0
Grit,GritName,GritDescription,0x29,Ballistician,GritMug,0x0,4,0x2a,1,8,9,10,5,4,4,13,5,0,0,0,121,0,0,0,0,80,55,75,20,30,15,45,0x0,0x0,0x0,0x0,0x0,0x0,0x0,0x0,0x0,0x0,0x0,0x0,0x0,0x0
Valbar,ValbarName,ValbarDescription,0x2a,SwordArmor,ValbarMug,0x0,4,0x2c,13,18,7,10,9,3,0,5,3,71,0,0,0,0,0,0,0,75,40,60,55,35,0,15,0x0,0x0,0x0,0x0,0x0,0x0,0x0,0x40,0x0,0x0,0x0,0x0,0x0,0x0
Ismaire,0x260,0x2b8,0x2b,0x16,0x56,0x0,3,0x2e,9,14,10,9,11,4,12,12,0,181,0,0,0,0,0,0,0,75,30,60,55,20,25,30,0x0,0x0,0x0,0x0,0x0,0x0,0x40,0x0,0x0,0x0,0x0,0x0,0x0,0x0
Hayden,0x25c,0x2b4,0x2c,0x1d,0x52,0x0,7,0x2d,10,16,10,8,8,6,9,17,1,181,0,0,181,0,0,0,0,70,40,45,45,25,25,40,0x0,0x0,0x0,0x0,0x0,0x0,0x0,0x0,0x0,0x0,0x0,0x0,0x0,0x0
FakeEirika,0x212,0x26e,0x2d,0x2,0x2,0x0,6,0x1,1,0,0,0,0,0,0,5,0,1,0,0,0,0,0,0,0,70,40,60,60,30,30,60,0x0,0x0,0x0,0x0,0x0,0x0,0x40,0x0,0x0,0x88aebac,0x7,0x0,0x0,0x0
-0,0x267,0x0,0x2e,0x41,0x0,0x0,0,0x0,0,0,0,0,0,0,0,0,0,0,0,0,0,0,0,0,0,85,50,10,10,10,15,30,0x0,0x0,0x0,0x0,0x0,0x0,0x0,0x0,0x0,0x0,0x0,0x0,0x0,0x0
-0,0x267,0x0,0x2f,0x41,0x0,0x0,0,0x0,0,0,0,0,0,0,0,0,0,0,0,0,0,0,0,0,0,85,50,10,10,10,15,30,0x0,0x0,0x0,0x0,0x0,0x0,0x0,0x0,0x0,0x0,0x0,0x0,0x0,0x0
-0,0x267,0x0,0x30,0x41,0x0,0x0,0,0x0,0,0,0,0,0,0,0,0,0,0,0,0,0,0,0,0,0,85,50,10,10,10,15,30,0x0,0x0,0x0,0x0,0x0,0x0,0x0,0x0,0x0,0x0,0x0,0x0,0x0,0x0
-0,0x267,0x0,0x31,0x41,0x0,0x0,0,0x0,0,0,0,0,0,0,0,0,0,0,0,0,0,0,0,0,0,85,50,10,10,10,15,30,0x0,0x0,0x0,0x0,0x0,0x0,0x0,0x0,0x0,0x0,0x0,0x0,0x0,0x0
-0,0x267,0x0,0x32,0x41,0x0,0x0,0,0x0,0,0,0,0,0,0,0,0,0,0,0,0,0,0,0,0,0,85,50,10,10,10,15,30,0x0,0x0,0x0,0x0,0x0,0x0,0x0,0x0,0x0,0x0,0x0,0x0,0x0,0x0
-0,0x267,0x0,0x33,0x41,0x0,0x0,0,0x0,0,0,0,0,0,0,0,0,0,0,0,0,0,0,0,0,0,85,50,10,10,10,15,30,0x0,0x0,0x0,0x0,0x0,0x0,0x0,0x0,0x0,0x0,0x0,0x0,0x0,0x0
-0,0x267,0x0,0x34,0x41,0x0,0x0,0,0x0,0,0,0,0,0,0,0,0,0,0,0,0,0,0,0,0,0,85,50,10,10,10,15,30,0x0,0x0,0x0,0x0,0x0,0x0,0x0,0x0,0x0,0x0,0x0,0x0,0x0,0x0
-0,0x267,0x0,0x35,0x41,0x0,0x0,0,0x0,0,0,0,0,0,0,0,0,0,0,0,0,0,0,0,0,0,85,50,10,10,10,15,30,0x0,0x0,0x0,0x0,0x0,0x0,0x0,0x0,0x0,0x0,0x0,0x0,0x0,0x0
-0,0x267,0x0,0x36,0x41,0x0,0x0,0,0x0,0,0,0,0,0,0,0,0,0,0,0,0,0,0,0,0,0,85,50,10,10,10,15,30,0x0,0x0,0x0,0x0,0x0,0x0,0x0,0x0,0x0,0x0,0x0,0x0,0x0,0x0
-0,0x267,0x0,0x37,0x41,0x0,0x0,0,0x0,0,0,0,0,0,0,0,0,0,0,0,0,0,0,0,0,0,85,50,10,10,10,15,30,0x0,0x0,0x0,0x0,0x0,0x0,0x0,0x0,0x0,0x0,0x0,0x0,0x0,0x0
-0,0x267,0x0,0x38,0x41,0x0,0x0,0,0x0,0,0,0,0,0,0,0,0,0,0,0,0,0,0,0,0,0,85,50,10,10,10,15,30,0x0,0x0,0x0,0x0,0x0,0x0,0x0,0x0,0x0,0x0,0x0,0x0,0x0,0x0
-0,0x267,0x0,0x39,0x41,0x0,0x0,0,0x0,0,0,0,0,0,0,0,0,0,0,0,0,0,0,0,0,0,85,50,10,10,10,15,30,0x0,0x0,0x0,0x0,0x0,0x0,0x0,0x0,0x0,0x0,0x0,0x0,0x0,0x0
-0,0x267,0x0,0x3a,0x41,0x0,0x0,0,0x0,0,0,0,0,0,0,0,0,0,0,0,0,0,0,0,0,0,85,50,10,10,10,15,30,0x0,0x0,0x0,0x0,0x0,0x0,0x0,0x0,0x0,0x0,0x0,0x0,0x0,0x0
Lyon's Summon,0x2f1,0x33d,0x3b,0x7,0x0,0x7,5,0x25,1,0,3,2,3,0,0,20,0,0,0,71,0,0,0,0,0,0,60,45,30,0,0,60,0x0,0x0,0x0,0x0,0x0,0x0,0x0,0x0,0x0,0x0,0x0,0x0,0x0,0x0
-0,0x26d,0x32e,0x3c,0x31,0x0,0x0,0,0x0,18,0,0,0,0,0,0,0,0,0,0,0,0,1,0,0,71,50,30,35,32,8,40,45,0x0,0x0,0x0,0x0,0x0,0x0,0x0,0x0,0x0,0x0,0x0,0x0,0x0,0x0
-0,0x26c,0x32e,0x3d,0x31,0x0,0x0,0,0x0,9,0,0,0,0,0,0,0,0,0,0,0,0,1,0,0,71,50,30,35,32,8,40,45,0x0,0x0,0x0,0x0,0x0,0x0,0x0,0x0,0x0,0x0,0x0,0x0,0x0,0x0
Knoll's Summon,0x2f1,0x33d,0x3e,0x7,0x0,0x7,5,0x21,1,0,2,1,2,0,0,10,0,0,0,71,0,0,0,0,0,0,50,50,40,0,0,55,0x0,0x0,0x0,0x0,0x0,0x0,0x0,0x0,0x0,0x0,0x0,0x0,0x0,0x0
Ewan's Summon,0x2f1,0x33d,0x3f,0x7,0x0,0x7,5,0x1a,1,0,1,2,1,0,0,0,0,0,0,71,0,0,0,0,0,0,70,40,20,0,0,40,0x0,0x0,0x0,0x0,0x0,0x0,0x0,0x0,0x0,0x0,0x0,0x0,0x0,0x0
Lyon (Ch 17),0x234,0x28f,0x40,0x4f,0x4a,0x0,4,0x0,14,26,13,9,6,14,11,4,0,0,0,0,0,181,0,0,251,85,50,55,55,45,55,30,0x0,0x0,0x0,0x0,0x0,0x0,0x80,0x0,0x0,0x0,0x0,0x0,0x0,0x0
Morva (Ch 20),0x235,0x290,0x41,0x3b,0x0,0x1,3,0x0,18,42,16,10,11,3,7,7,0,0,0,0,0,0,0,0,0,150,100,90,70,160,80,30,0x0,0x0,0x0,0x0,0x0,0x0,0x80,0x0,0x0,0x0,0x0,0x0,0x0,0x0
Orson (Ch 5x),0x236,0x291,0x42,0x7,0x45,0x0,5,0x0,3,11,8,9,4,5,4,4,1,181,181,0,0,0,0,0,0,80,55,45,40,45,30,25,0x0,0x0,0x0,0x0,0x0,0x0,0x80,0x0,0x0,0x0,0x0,0x0,0x0,0x0
Valter (Ch 15),0x237,0x292,0x43,0x23,0x42,0x0,4,0x0,13,25,12,10,9,6,11,3,1,0,251,0,0,0,0,0,0,80,40,55,50,20,20,15,0x0,0x0,0x0,0x0,0x0,0x0,0x80,0x0,0x0,0x0,0x0,0x0,0x0,0x0
Selena (Ch 10B & 13B),0x238,0x293,0x44,0x2a,0x3f,0x0,2,0x0,11,19,10,8,10,8,11,10,0,0,0,0,0,121,181,0,0,85,40,55,40,20,30,25,0x0,0x0,0x0,0x0,0x0,0x0,0xc0,0x0,0x0,0x0,0x0,0x0,0x0,0x0
Valter (Prologue),0x237,0x292,0x45,0x23,0x42,0x0,4,0x0,5,14,6,7,6,3,5,2,1,0,181,0,0,0,0,0,0,85,50,10,10,10,15,30,0x0,0x0,0x0,0x0,0x0,0x0,0x80,0x0,0x0,0x0,0x0,0x0,0x0,0x0
Batta Beast,BattaBeastName,BattaBeastDescription,0x46,0,0,0x8,0,0x0,1,0,0,0,0,0,0,0,0,0,0,0,0,0,0,0,0,0,0,0,0,0,0,0,0x0,0x0,0x0,0x0,0x0,0x0,0x0,0x0,0x0,0,0x0,0x0,0x0,0x0
Batta,BattaName,BattaDescription,0x47,Brigand,BattaMug,0x0,3,0x0,4,14,3,2,2,4,2,0,3,0,0,71,0,0,0,0,0,80,50,30,20,10,10,10,0x0,0x0,0x0,0x0,0x0,0x0,0x80,0x0,0x0,0,0x0,0x0,0x0,0x0
Imperial,ImperialName,ImperialDescription,0x48,0,0x0,0x3,0,0x0,1,0,0,0,0,0,0,0,0,0,0,0,0,0,0,0,0,60,20,30,20,15,5,25,0x0,0x0,0x0,0x0,0x0,0x0,0x0,0x0,0x0,0,0x0,0x0,0x0,0x0
Town Guard,TownGuardName,TownGuardDescription,0x49,0,0x0,0x5,0,0x0,3,4,1,1,3,3,0,3,0,0,0,0,0,0,0,0,0,60,20,30,20,15,5,25,0x0,0x0,0x0,0x0,0x0,0x0,0x0,0x0,0x0,0x0,0x0,0x0,0x0,0x0
Civilian,CivilianName,CivilianDescription,0x4a,0,0,0x2,0,0x0,1,0,0,0,0,0,0,0,0,0,0,0,0,0,0,0,0,60,20,30,20,15,5,25,0x0,0x0,0x0,0x0,0x0,0x0,0x0,0x0,0x0,0,0x0,0x0,0x0,0x0
Kek'h,KekhName,KekhDescription,0x4b,Mercenary,KekhMug,0x0,1,0x0,5,8,5,3,2,3,4,5,3,71,0,0,0,0,0,0,0,70,45,45,30,15,10,10,0x0,0x0,0x0,0x0,0x0,0x0,0x80,0x0,0x0,0x0,0x0,0x0,0x0,0x0
Derek (Boss),DerekName,DerekDescription,0x4c,Cavalier,DerekMug,0x0,4,0x0,7,12,5,3,4,1,4,6,2,71,71,0,0,0,0,0,0,70,30,40,20,30,15,15,0x0,0x0,0x0,0x0,0x0,0x0,0x80,0x0,0x0,0x0,0x0,0x0,0x0,0x0
Vergil,VergilName,VergilDescription,0x4d,Paladin,VergilMug,0x0,2,0x0,7,15,14,9,7,10,14,14,2,71,181,0,0,0,0,0,0,0,0,0,0,0,0,0,0x0,0x0,0x0,0x0,0x0,0x0,0x80,0x0,0x0,0x0,0x0,0x0,0x0,0x0
O'Neill,ONeillName,ONeillDescription,0x4e,Fighter,ONeillMug,0x0,1,0x0,8,12,5,3,4,5,5,2,3,0,0,71,0,0,0,0,0,80,60,20,15,20,10,10,0x0,0x0,0x0,0x0,0x0,0x0,0x80,0x0,0x0,0x0,0x0,0x0,0x0,0x0
Monster,MonsterName,MonsterDescription,0x4f,0,0,0x4,5,0x0,1,0,0,0,0,0,0,0,0,0,0,0,0,0,0,0,0,60,20,30,20,15,5,25,0x0,0x0,0x0,0x0,0x0,0x0,0x0,0x0,0x0,0x0,0x0,0x0,0x0,0x0
Cultist,CultistName,CultistDescription,0x50,0,0x0,0x4,0,0x0,1,6,0,2,0,1,0,0,4,0,0,0,0,0,0,0,0,60,20,30,20,15,5,25,0x0,0x0,0x0,0x0,0x0,0x0,0x0,0x0,0x0,0x0,0x0,0x0,0x0,0x0
Novala,NovalaName,NovalaDescription,0x51,Shaman,NovalaMug,0x0,1,0x0,8,12,0,5,4,6,2,2,4,0,0,0,0,0,0,0,71,55,5,30,20,10,30,5,0x0,0x0,0x0,0x0,0x0,0x0,0x80,0x0,0x0,0x0,0x0,0x0,0x0,0x0
Imperial 2,ImperialName,ImperialDescription,0x52,0,0,0x3,0,0x0,1,3,3,2,0,1,1,0,0,0,0,0,0,0,0,0,0,60,20,30,20,15,5,25,0x0,0x0,0x0,0x0,0x0,0x0,0x0,0x0,0x0,0x0,0x0,0x0,0x0,0x0
Todoroki,TodorokiName,TodorokiDescription,0x53,Mercenary,TodorokiMug,0x0,4,0x0,9,12,7,1,1,4,4,0,1,121,0,0,0,0,0,0,0,80,35,45,35,25,10,15,0x0,0x0,0x0,0x0,0x0,0x0,0x80,0x0,0x0,0x0,0x0,0x0,0x0,0x0
Eevster (NPC),EevsterName,EevsterDescription,0x54,Troubadour,EevsterMug,0x0,4,0x0,7,8,0,3,4,2,1,10,1,0,0,0,0,71,0,0,0,0,0,0,0,0,0,0,0x0,0x0,0x0,0x0,0x0,0x0,0x40,0x0,0x0,0x0,0x0,0x0,0x0,0x0
Basement,BasementName,BasementDescription,0x55,0,0x0,0x5,0,0x0,1,0,0,0,0,0,0,0,0,0,0,0,0,0,0,0,0,60,20,30,20,15,5,25,0x0,0x0,0x0,0x0,0x0,0x0,0x0,0x0,0x0,0x0,0x0,0x0,0x0,0x0
Wagon 1,CivilianName,CivilianDescription,0x56,Transporter,0x0,0x2,0,0x0,1,0,0,0,0,0,0,0,0,0,0,0,0,0,0,0,181,60,20,30,20,15,5,25,0x0,0x0,0x0,0x0,0x0,0x0,0x0,0x0,0x0,0x0,0x0,0x0,0x0,0x0
Wagon 2,CivilianName,CivilianDescription,0x57,Transporter,0,0x2,0,0x0,1,0,0,0,0,0,0,0,0,0,0,0,0,0,0,0,0,60,20,30,20,15,5,25,0x0,0x0,0x0,0x0,0x0,0x0,0x0,0x0,0x0,0x0,0x0,0x0,0x0,0x0
Batta Beast 2,BattaBeastName,BattaBeastDescription,0x58,0,0x0,0x8,0,0x0,1,4,3,2,0,1,1,0,0,0,0,0,0,0,0,0,0,60,20,30,20,15,5,25,0x0,0x0,0x0,0x0,0x0,0x0,0x0,0x0,0x0,0x0,0x0,0x0,0x0,0x0
Monster 2,MonsterName,MonsterDescription,0x59,0,0x0,0x4,5,0x0,1,3,3,3,1,2,3,0,1,0,0,0,0,0,0,0,0,60,20,30,20,15,5,25,0x0,0x0,0x0,0x0,0x0,0x0,0x0,0x0,0x0,0x0,0x0,0x0,0x0,0x0
Monster (No EXP),MonsterName,MonsterDescription,0x5a,0,0,0x4,5,0x0,1,0,0,0,0,0,0,0,0,0,0,0,0,0,0,0,0,60,20,30,20,15,5,25,0x0,0x0,0x0,0x0,0x0,0x0,0x0,0x0,0x0,0x0,0x0,0x0,0x0,0x0
Imperial (Vergil),ImperialName,ImperialDescription,0x5b,0,0,0x2,0,0x0,1,6,5,4,3,4,3,0,2,0,0,0,0,0,0,0,0,60,20,30,20,15,5,25,0x0,0x0,0x0,0x0,0x0,0x0,0x0,0x0,0x0,0x0,0x0,0x0,0x0,0x0
Schezo (Boss),SchezoName,SchezoDescription,0x5c,Battlemage,SchezoMug,0x0,5,0x0,5,15,12,8,7,9,11,12,0,181,0,0,0,0,181,0,0,0,0,0,0,0,0,0,0x0,0x0,0x0,0x0,0x0,0x0,0x80,0x0,0x0,0x0,0x0,0x0,0x0,0x0
Dark Knight,DarkKnightName,DarkKnightDescription,0x5d,0,0x0,0x4,0,0x0,1,8,5,5,4,5,4,2,2,0,0,0,0,0,0,0,0,60,20,30,20,15,5,25,0x0,0x0,0x0,0x0,0x0,0x0,0x0,0x0,0x0,0x0,0x0,0x0,0x0,0x0
Whitewolf,WhitewolfName,WhitewolfDescription,0x5e,0,0x0,0x8,0,0x0,1,3,3,3,1,2,1,0,0,0,0,0,0,0,0,0,0,60,20,30,20,15,5,25,0x0,0x0,0x0,0x0,0x0,0x0,0x0,0x0,0x0,0x0,0x0,0x0,0x0,0x0
Tim,TimName,TimDescription,0x5f,Warrior,TimMug,0x0,4,0x0,1,16,7,6,5,5,6,7,3,0,0,121,71,0,0,0,0,0,0,0,0,0,0,0,0x0,0x0,0x0,0x0,0x0,0x0,0x80,0x0,0x0,0x0,0x0,0x0,0x0,0x0
Bit,BitName,BitDescription,0x60,Berserker,BitMug,0x0,1,0x0,1,22,9,7,5,2,5,5,4,0,0,181,0,0,0,0,0,0,0,0,0,0,0,0,0x0,0x0,0x0,0x0,0x0,0x0,0x80,0x0,0x0,0x0,0x0,0x0,0x0,0x0
Basement 2,BasementName,BasementDescription,0x61,0,0x0,0x5,0,0x0,1,0,0,0,0,0,0,0,0,0,0,0,0,0,0,0,0,60,20,30,20,15,5,25,0x0,0x0,0x0,0x0,0x0,0x0,0x0,0x0,0x0,0x0,0x0,0x0,0x0,0x0
Raydrik,RaydrikName,RaydrikDescription,0x62,General,RaydrikMug,0x0,5,0x0,15,31,15,12,15,13,16,12,3,251,181,181,0,0,0,0,0,0,0,0,0,0,0,0,0x0,0x0,0x0,0x0,0x0,0x0,0x80,0x0,0x0,0x0,0x0,0x0,0x0,0x0
Gromell,GromellName,GromellDescription,0x63,WyvernLord,GromellMug,0x0,2,0x0,8,19,17,11,8,15,15,12,5,0,121,181,0,0,0,0,0,0,0,0,0,0,0,0,0x0,0x0,0x0,0x0,0x0,0x0,0x80,0x0,0x0,0x0,0x0,0x0,0x0,0x0
Officer,OfficerName,OfficerDescription,0x64,0,0x0,0x3,0,0x0,1,5,2,2,0,0,0,0,0,0,0,0,0,0,0,0,0,60,20,30,20,15,5,25,0x0,0x0,0x0,0x0,0x0,0x0,0x0,0x0,0x0,0x0,0x0,0x0,0x0,0x0
Albatross,AlbatrossName,AlbatrossDescription,0x65,0,0x0,0x3,0,0x0,1,4,2,3,3,2,3,0,1,0,0,0,0,0,0,0,0,60,20,30,20,15,5,25,0x0,0x0,0x0,0x0,0x0,0x0,0x0,0x0,0x0,0x0,0x0,0x0,0x0,0x0
Albatross (No EXP),AlbatrossName,AlbatrossDescription,0x66,0,0,0x3,0,0x0,1,4,2,3,3,2,3,0,1,0,0,0,0,0,0,0,0,60,20,30,20,15,5,25,0x0,0x0,0x0,0x0,0x0,0x0,0x0,0x0,0x0,0x0,0x0,0x0,0x0,0x0
Cobra,CobraName,CobraDescription,0x67,0,0,0x3,0,0x0,1,2,0,2,2,1,2,0,2,0,0,0,0,0,0,0,0,60,20,30,20,15,5,25,0x0,0x0,0x0,0x0,0x0,0x0,0x0,0x0,0x0,0x0,0x0,0x0,0x0,0x0
Cobra (No EXP),CobraName,CobraDescription,0x68,0,0,0x3,0,0x0,1,2,0,2,2,1,2,0,2,0,0,71,0,0,0,0,0,60,20,30,20,15,5,25,0x0,0x0,0x0,0x0,0x0,0x0,0x0,0x0,0x0,0x0,0x0,0x0,0x0,0x0
Panther,PantherName,PantherDescription,0x69,0,0,0x3,0,0x0,1,4,2,4,3,1,2,0,2,0,0,0,0,0,0,0,0,60,20,30,20,15,5,25,0x0,0x0,0x0,0x0,0x0,0x0,0x0,0x0,0x0,0x0,0x0,0x0,0x0,0x0
Panther (No EXP),PantherName,PantherDescription,0x6a,0,0,0x3,0,0x0,1,4,2,4,3,1,2,0,2,0,0,0,0,0,0,0,0,60,20,30,20,15,5,25,0x0,0x0,0x0,0x0,0x0,0x0,0x0,0x0,0x0,0x0,0x0,0x0,0x0,0x0
Stallion,StallionName,StallionDescription,0x6b,0,0,0x3,0,0x0,1,5,3,2,1,3,2,0,1,0,0,0,0,0,0,0,0,60,20,30,20,15,5,25,0x0,0x0,0x0,0x0,0x0,0x0,0x0,0x0,0x0,0x0,0x0,0x0,0x0,0x0
Stallion (No EXP),StallionName,StallionDescription,0x6c,0,0,0x3,0,0x0,1,5,3,2,1,3,2,0,1,0,0,0,0,0,0,0,0,60,20,30,20,15,5,25,0x0,0x0,0x0,0x0,0x0,0x0,0x0,0x0,0x0,0x0,0x0,0x0,0x0,0x0
Warthog,WarthogName,WarthogDescription,0x6d,0,0,0x3,0,0x0,1,6,3,0,1,3,0,0,2,0,0,0,0,0,0,0,0,60,20,30,20,15,5,25,0x0,0x0,0x0,0x0,0x0,0x0,0x0,0x0,0x0,0x0,0x0,0x0,0x0,0x0
Warthog (No EXP),WarthogName,WarthogDescription,0x6e,0,0x0,0x3,0,0x0,1,6,3,0,1,3,0,0,2,0,0,0,0,0,0,0,0,60,20,30,20,15,5,25,0x0,0x0,0x0,0x0,0x0,0x0,0x0,0x0,0x0,0x0,0x0,0x0,0x0,0x0
Imperial Tent,TentName,TentDescription,0x6f,0,0x0,0x3,0,0x0,1,5,0,0,1,(-2),0,0,0,0,0,0,0,0,0,0,0,60,20,30,20,15,5,25,0x0,0x0,0x0,0x0,0x0,0x0,0x0,0x0,0x0,0x0,0x0,0x0,0x0,0x0
Marooner,MaroonerName,MaroonerDescription,0x70,0,0x0,0x9,0,0x0,1,0,0,0,0,0,0,0,0,0,0,0,0,0,0,0,0,60,20,30,20,15,5,25,0x0,0x0,0x0,0x0,0x0,0x0,0x0,0x0,0x0,0x0,0x0,0x0,0x0,0x0
Cedwick,CedwickName,CedwickDescription,0x71,Pirate,CedwickMug,0x0,2,0x0,5,15,7,5,3,5,3,0,5,0,0,71,0,0,0,0,0,80,50,30,20,10,10,10,0x0,0x0,0x0,0x0,0x0,0x0,0x80,0x0,0x0,0x0,0x0,0x0,0x0,0x0
Dark Marlen,DarkMarlenName,DarkMarlenDescription,0x72,Cavalier,DarkMarlenMug,0x0,5,0x0,7,12,7,7,3,1,5,7,0,71,31,0,0,0,0,0,0,70,35,40,25,25,15,15,0x0,0x0,0x0,0x0,0x0,0x0,0x80,0x0,0x0,0x0,0x0,0x0,0x0,0x0
Unknown,UnknownName,UnknownDescription,0x73,0,0x0,0x4,0,0x0,1,3,3,2,0,1,1,0,0,0,0,0,0,0,0,0,0,60,20,30,20,15,5,25,0x0,0x0,0x0,0x0,0x0,0x0,0x0,0x0,0x0,0x0,0x0,0x0,0x0,0x0
Zane,ZaneName,ZaneDescription,0x74,Monk,ZaneMug,0x0,6,0x0,8,10,5,6,6,5,2,0,8,0,0,0,0,0,0,121,0,70,45,20,20,35,20,40,0x0,0x0,0x0,0x0,0x0,0x0,0x80,0x0,0x0,0x0,0x0,0x0,0x0,0x0
Marooner 2,MaroonerName,MaroonerDescription,0x75,0,0x0,0x9,0,0x0,1,4,2,2,1,1,1,0,0,0,0,0,0,0,0,0,0,60,20,30,20,15,5,25,0x0,0x0,0x0,0x0,0x0,0x0,0x0,0x0,0x0,0x0,0x0,0x0,0x0,0x0
Viridian,ViridianName,ViridianDescription,0x76,Pirate,ViridianMug,0x0,7,0x0,11,20,9,7,5,5,5,0,3,0,0,121,0,0,0,0,0,0,0,0,0,0,0,0,0x0,0x0,0x0,0x0,0x0,0x0,0xc0,0x0,0x0,0x0,0x0,0x0,0x0,0x0
Ermine,ErmineName,ErmineDescription,0x77,Sage,ErmineMug,0x0,4,0x0,5,26,12,11,12,12,16,14,5,0,0,0,0,181,251,121,0,0,0,0,0,0,0,0,0x0,0x0,0x0,0x0,0x0,0x0,0x80,0x0,0x0,0x0,0x0,0x0,0x0,0x0
Monster Boss,MonsterName,MonsterDescription,0x78,ElderBael,0x0,0x4,5,0x0,1,8,3,3,2,3,5,3,2,0,0,0,0,0,0,0,0,60,20,30,20,15,5,25,0x0,0x0,0x0,0x0,0x0,0x0,0x80,0x0,0x0,0x0,0x0,0x0,0x0,0x0
Priest,PriestName,PriestDescription,0x79,0,0x0,0x2,0,0x0,1,0,0,0,0,0,0,0,0,0,0,0,0,0,0,0,0,60,20,30,20,15,5,25,0x0,0x0,0x0,0x0,0x0,0x0,0x0,0x0,0x0,0x0,0x0,0x0,0x0,0x0
Basement 3,BasementName,BasementDescription,0x7a,0,0x0,0x5,0,0x0,1,5,3,2,1,3,2,0,0,0,0,0,0,0,0,0,0,60,20,30,20,15,5,25,0x0,0x0,0x0,0x0,0x0,0x0,0x0,0x0,0x0,0x0,0x0,0x0,0x0,0x0
Hyde,HydeName,HydeDescription,0x7b,Mercenary,HydeMug,0x0,5,0x0,15,25,7,6,6,4,6,0,3,181,0,0,0,0,0,0,0,60,20,30,35,15,15,25,0x0,0x0,0x0,0x0,0x0,0x0,0x80,0x0,0x0,0x0,0x0,0x0,0x0,0x0
Mercenary Unit,MercenaryName,MercenaryDescription,0x7c,0,0x0,0x6,0,0x0,0,5,3,3,1,1,2,0,0,0,0,0,0,0,0,0,0,60,20,30,35,15,15,25,0x0,0x0,0x0,0x0,0x0,0x0,0x0,0x0,0x0,0x0,0x0,0x0,0x0,0x0
Blue Moon,BlueMoonName,BlueMoonDescription,0x7d,0x41,0x0,0x5,0,0x0,0,7,3,5,2,2,3,6,0,0,0,0,0,0,0,0,0,60,20,30,35,15,15,25,0x0,0x0,0x0,0x0,0x0,0x0,0x0,0x0,0x0,0x0,0x0,0x0,0x0,0x0
Jedah,JedahName,JedahDescription,0x7e,Druid,JedahMug,0x0,5,0x0,5,25,0,9,7,3,4,0,7,0,0,0,0,181,121,0,181,60,20,30,35,15,15,25,0x0,0x0,0x0,0x0,0x0,0x0,0x80,0x0,0x0,0x0,0x0,0x0,0x0,0x0
Faithful,FaithfulName,FaithfulDescription,0x7f,0x0,0x0,0x4,0,0x0,0,5,3,4,2,2,2,0,0,0,0,0,0,0,0,0,0,60,20,30,35,15,15,25,0x0,0x0,0x0,0x0,0x0,0x0,0x0,0x0,0x0,0x0,0x0,0x0,0x0,0x0
KenOhs,KenOhsName,KenOhsDescription,0x80,0x0,0x0,0x3,0,0x0,0,5,3,4,2,2,2,0,0,0,0,0,0,0,0,0,0,60,20,30,35,15,15,25,0x0,0x0,0x0,0x0,0x0,0x0,0x0,0x0,0x0,0x0,0x0,0x0,0x0,0x0
Raoh,RaohName,RaohDescription,0x81,GreatKnight,RaohMug,0x0,1,0x0,1,31,9,12,8,4,5,0,9,121,31,181,0,0,0,0,0,60,20,30,35,15,15,25,0x0,0x0,0x0,0x0,0x0,0x0,0x80,0x0,0x0,0x0,0x0,0x0,0x0,0x0
Grado Soldier 3,0x24d,0x2a9,0x82,0x3f,0x0,0x3,0,0x0,1,2,0,-1,-3,3,0,0,0,0,0,0,0,0,0,0,0,60,20,30,35,15,15,25,0x0,0x0,0x0,0x0,0x0,0x0,0x0,0x0,0x0,0x0,0x0,0x0,0x0,0x0
Grado Soldier 4,0x24d,0x2a9,0x83,0x4e,0x0,0x3,0,0x0,1,0,0,0,0,0,0,0,0,0,0,0,0,0,0,0,0,60,20,30,35,15,15,25,0x0,0x0,0x0,0x0,0x0,0x0,0x0,0x0,0x0,0x0,0x0,0x0,0x0,0x0
Grado Soldier 5,0x24d,0x2a9,0x84,0x9,0x0,0x3,0,0x0,1,0,0,0,0,0,0,0,0,0,0,0,0,0,0,0,0,60,20,30,35,15,15,25,0x0,0x0,0x0,0x0,0x0,0x0,0x0,0x0,0x0,0x0,0x0,0x0,0x0,0x0
Grado Soldier 6,0x24d,0x2a9,0x85,0x5,0x0,0x3,0,0x0,1,0,0,0,0,0,0,0,0,0,0,0,0,0,0,0,0,60,20,30,35,15,15,25,0x0,0x0,0x0,0x0,0x0,0x0,0x0,0x0,0x0,0x0,0x0,0x0,0x0,0x0
Grado Soldier 7,0x24d,0x2a9,0x86,0x13,0x0,0x3,0,0x0,1,0,0,0,0,0,0,0,0,0,0,0,0,0,0,0,0,60,20,30,35,15,15,25,0x0,0x0,0x0,0x0,0x0,0x0,0x0,0x0,0x0,0x0,0x0,0x0,0x0,0x0
Grado Soldier 8,0x24d,0x2a9,0x87,0xf,0x0,0x3,0,0x0,1,0,0,0,0,0,0,0,0,0,0,0,0,0,0,0,0,60,20,30,35,15,15,25,0x0,0x0,0x0,0x0,0x0,0x0,0x0,0x0,0x0,0x0,0x0,0x0,0x0,0x0
Grado Soldier 9,0x24d,0x2a9,0x88,0xd,0x0,0x3,0,0x0,1,0,0,0,0,0,0,0,0,0,0,0,0,0,0,0,0,60,20,30,35,15,15,25,0x0,0x0,0x0,0x0,0x0,0x0,0x0,0x0,0x0,0x0,0x0,0x0,0x0,0x0
Grado Soldier 10 (Duessel's),0x24d,0x2a9,0x89,0x25,0x0,0x3,0,0x0,1,0,0,0,0,0,0,0,0,0,0,0,0,0,0,0,0,60,20,30,35,15,15,25,0x0,0x0,0x0,0x0,0x0,0x0,0x0,0x0,0x0,0x0,0x0,0x0,0x0,0x0
Grado Soldier 11 (Duessel's),0x24d,0x2a9,0x8a,0x44,0x0,0x3,0,0x0,1,0,0,0,0,0,0,0,0,0,0,0,0,0,0,0,0,60,20,30,35,15,15,25,0x0,0x0,0x0,0x0,0x0,0x0,0x0,0x0,0x0,0x0,0x0,0x0,0x0,0x0
Grado Soldier 12 (Duessel's),0x24d,0x2a9,0x8b,0x2d,0x0,0x3,0,0x0,1,0,0,0,0,0,0,0,0,0,0,0,0,0,0,0,0,60,20,30,35,15,15,25,0x0,0x0,0x0,0x0,0x0,0x0,0x0,0x0,0x0,0x0,0x0,0x0,0x0,0x0
Grado Soldier 13,0x24d,0x2a9,0x8c,0x4b,0x0,0x3,0,0x0,1,0,0,0,0,0,0,0,0,0,0,0,0,0,0,0,0,60,20,30,35,15,15,25,0x0,0x0,0x0,0x0,0x0,0x0,0x40,0x0,0x0,0x0,0x0,0x0,0x0,0x0
Grado Remnant 1 (Main),0x24e,0x2aa,0x8d,0x9,0x0,0x3,0,0x0,1,0,0,0,0,0,0,0,0,0,0,0,0,0,0,0,0,60,20,30,35,15,15,25,0x0,0x0,0x0,0x0,0x0,0x0,0x0,0x0,0x0,0x0,0x0,0x0,0x0,0x0
Cutthroat,0x254,0x2ae,0x8e,0x41,0x0,0x6,0,0x0,1,0,0,0,0,0,0,0,0,0,0,0,0,0,0,0,0,60,20,30,35,15,15,25,0x0,0x0,0x0,0x0,0x0,0x0,0x0,0x0,0x0,0x0,0x0,0x0,0x0,0x0
Grado Remnant 2 (Cutscene and C16 only?),0x24e,0x2aa,0x8f,0x5,0x0,0x3,0,0x0,1,0,0,0,0,0,0,0,0,0,0,0,0,0,0,0,0,60,20,30,35,15,15,25,0x0,0x0,0x0,0x0,0x0,0x0,0x0,0x0,0x0,0x0,0x0,0x0,0x0,0x0
Grado Remnant 3 (C16 only?),0x24e,0x2aa,0x90,0x2d,0x0,0x3,0,0x0,1,0,0,0,0,0,0,0,0,0,0,0,0,0,0,0,0,60,20,30,35,15,15,25,0x0,0x0,0x0,0x0,0x0,0x0,0x0,0x0,0x0,0x0,0x0,0x0,0x0,0x0
Grado Remnant 4 (C16 only?),0x24e,0x2aa,0x91,0x25,0x0,0x3,0,0x0,1,0,0,0,0,0,0,0,0,0,0,0,0,0,0,0,0,60,20,30,35,15,15,25,0x0,0x0,0x0,0x0,0x0,0x0,0x0,0x0,0x0,0x0,0x0,0x0,0x0,0x0
Wraith (Sage),0x267,0x0,0x92,0x41,0x0,0x3,0,0x0,0,0,0,0,0,0,0,0,0,0,0,0,0,0,0,0,0,0,0,0,0,0,0,0,0x0,0x0,0x0,0x0,0x0,0x0,0x0,0x0,0x0,0x0,0x0,0x0,0x0,0x0
Wraith (Swords),0x267,0x0,0x93,0x41,0x0,0x3,0,0x0,0,0,0,0,0,0,0,0,0,0,0,0,0,0,0,0,0,0,0,0,0,0,0,0,0x0,0x0,0x0,0x0,0x0,0x0,0x0,0x0,0x0,0x0,0x0,0x0,0x0,0x0
Wraith (Axes),0x267,0x0,0x94,0x41,0x0,0x3,0,0x0,0,0,0,0,0,0,0,0,0,0,0,0,0,0,0,0,0,0,0,0,0,0,0,0,0x0,0x0,0x0,0x0,0x0,0x0,0x0,0x0,0x0,0x0,0x0,0x0,0x0,0x0
-0,0x267,0x0,0x95,0x41,0x0,0x3,0,0x0,0,0,0,0,0,0,0,0,0,0,0,0,0,0,0,0,0,0,0,0,0,0,0,0,0x0,0x0,0x0,0x0,0x0,0x0,0x0,0x0,0x0,0x0,0x0,0x0,0x0,0x0
-0,0x267,0x0,0x96,0x41,0x0,0x3,0,0x0,0,0,0,0,0,0,0,0,0,0,0,0,0,0,0,0,0,0,0,0,0,0,0,0,0x0,0x0,0x0,0x0,0x0,0x0,0x0,0x0,0x0,0x0,0x0,0x0,0x0,0x0
-0,0x267,0x0,0x97,0x41,0x0,0x3,0,0x0,0,0,0,0,0,0,0,0,0,0,0,0,0,0,0,0,0,0,0,0,0,0,0,0,0x0,0x0,0x0,0x0,0x0,0x0,0x0,0x0,0x0,0x0,0x0,0x0,0x0,0x0
-0,0x267,0x0,0x98,0x41,0x0,0x3,0,0x0,0,0,0,0,0,0,0,0,0,0,0,0,0,0,0,0,0,0,0,0,0,0,0,0,0x0,0x0,0x0,0x0,0x0,0x0,0x0,0x0,0x0,0x0,0x0,0x0,0x0,0x0
-0,0x267,0x0,0x99,0x41,0x0,0x3,0,0x0,0,0,0,0,0,0,0,0,0,0,0,0,0,0,0,0,0,0,0,0,0,0,0,0,0x0,0x0,0x0,0x0,0x0,0x0,0x0,0x0,0x0,0x0,0x0,0x0,0x0,0x0
-0,0x267,0x0,0x9a,0x41,0x0,0x3,0,0x0,0,0,0,0,0,0,0,0,0,0,0,0,0,0,0,0,0,0,0,0,0,0,0,0,0x0,0x0,0x0,0x0,0x0,0x0,0x0,0x0,0x0,0x0,0x0,0x0,0x0,0x0
-0,0x267,0x0,0x9b,0x41,0x0,0x3,0,0x0,0,0,0,0,0,0,0,0,0,0,0,0,0,0,0,0,0,0,0,0,0,0,0,0,0x0,0x0,0x0,0x0,0x0,0x0,0x0,0x0,0x0,0x0,0x0,0x0,0x0,0x0
-0,0x267,0x0,0x9c,0x41,0x0,0x3,0,0x0,0,0,0,0,0,0,0,0,0,0,0,0,0,0,0,0,0,0,0,0,0,0,0,0,0x0,0x0,0x0,0x0,0x0,0x0,0x0,0x0,0x0,0x0,0x0,0x0,0x0,0x0
-0,0x267,0x0,0x9d,0x41,0x0,0x3,0,0x0,0,0,0,0,0,0,0,0,0,0,0,0,0,0,0,0,0,0,0,0,0,0,0,0,0x0,0x0,0x0,0x0,0x0,0x0,0x0,0x0,0x0,0x0,0x0,0x0,0x0,0x0
-0,0x267,0x0,0x9e,0x41,0x0,0x3,0,0x0,0,0,0,0,0,0,0,0,0,0,0,0,0,0,0,0,0,0,0,0,0,0,0,0,0x0,0x0,0x0,0x0,0x0,0x0,0x0,0x0,0x0,0x0,0x0,0x0,0x0,0x0
-0,0x267,0x0,0x9f,0x41,0x0,0x3,0,0x0,0,0,0,0,0,0,0,0,0,0,0,0,0,0,0,0,0,0,0,0,0,0,0,0,0x0,0x0,0x0,0x0,0x0,0x0,0x0,0x0,0x0,0x0,0x0,0x0,0x0,0x0
-0,0x267,0x0,0xa0,0x41,0x0,0x3,0,0x0,0,0,0,0,0,0,0,0,0,0,0,0,0,0,0,0,0,0,0,0,0,0,0,0,0x0,0x0,0x0,0x0,0x0,0x0,0x0,0x0,0x0,0x0,0x0,0x0,0x0,0x0
-0,0x267,0x0,0xa1,0x41,0x0,0x3,0,0x0,0,0,0,0,0,0,0,0,0,0,0,0,0,0,0,0,0,0,0,0,0,0,0,0,0x0,0x0,0x0,0x0,0x0,0x0,0x0,0x0,0x0,0x0,0x0,0x0,0x0,0x0
-0,0x267,0x0,0xa2,0x41,0x0,0x3,0,0x0,0,0,0,0,0,0,0,0,0,0,0,0,0,0,0,0,0,0,0,0,0,0,0,0,0x0,0x0,0x0,0x0,0x0,0x0,0x0,0x0,0x0,0x0,0x0,0x0,0x0,0x0
-0,0x267,0x0,0xa3,0x41,0x0,0x3,0,0x0,0,0,0,0,0,0,0,0,0,0,0,0,0,0,0,0,0,0,0,0,0,0,0,0,0x0,0x0,0x0,0x0,0x0,0x0,0x0,0x0,0x0,0x0,0x0,0x0,0x0,0x0
-0,0x267,0x0,0xa4,0x41,0x0,0x3,0,0x0,0,0,0,0,0,0,0,0,0,0,0,0,0,0,0,0,0,0,0,0,0,0,0,0,0x0,0x0,0x0,0x0,0x0,0x0,0x0,0x0,0x0,0x0,0x0,0x0,0x0,0x0
-0,0x267,0x0,0xa5,0x41,0x0,0x3,0,0x0,0,0,0,0,0,0,0,0,0,0,0,0,0,0,0,0,0,0,0,0,0,0,0,0,0x0,0x0,0x0,0x0,0x0,0x0,0x0,0x0,0x0,0x0,0x0,0x0,0x0,0x0
-0,0x267,0x0,0xa6,0x41,0x0,0x3,0,0x0,0,0,0,0,0,0,0,0,0,0,0,0,0,0,0,0,0,0,0,0,0,0,0,0,0x0,0x0,0x0,0x0,0x0,0x0,0x0,0x0,0x0,0x0,0x0,0x0,0x0,0x0
Mercenary (C9A),0x253,0x2ab,0xa7,0xf,0x0,0x6,0,0x0,1,0,0,0,0,0,0,0,0,0,0,0,0,0,0,0,0,60,20,30,35,15,15,25,0x0,0x0,0x0,0x0,0x0,0x0,0x0,0x0,0x0,0x0,0x0,0x0,0x0,0x0
Mercenary (C10A),0x251,0x2af,0xa8,0xf,0x0,0x6,0,0x0,1,0,0,0,0,0,0,0,0,0,0,0,0,0,0,0,0,60,20,30,35,15,15,25,0x0,0x0,0x0,0x0,0x0,0x0,0x0,0x0,0x0,0x0,0x0,0x0,0x0,0x0
Merc Remnant (C13A),0x252,0x2b0,0xa9,0xf,0x0,0x6,0,0x0,1,0,0,0,0,0,0,0,0,0,0,0,0,0,0,0,0,60,20,30,35,15,15,25,0x0,0x0,0x0,0x0,0x0,0x0,0x0,0x0,0x0,0x0,0x0,0x0,0x0,0x0
Monster,0x255,0x2b1,0xaa,0x52,0x0,0x4,5,0x0,1,0,0,0,0,0,0,0,0,0,0,0,0,0,0,0,0,60,20,30,35,15,15,25,0x0,0x0,0x0,0x0,0x0,0x0,0x0,0x0,0x0,0x0,0x0,0x0,0x0,0x0
Monster,0x255,0x2b1,0xab,0x53,0x0,0x4,5,0x0,1,0,0,0,0,0,0,0,0,0,0,0,0,0,0,0,0,60,20,30,35,15,15,25,0x0,0x0,0x0,0x0,0x0,0x0,0x0,0x0,0x0,0x0,0x0,0x0,0x0,0x0
Monster,0x255,0x2b1,0xac,0x54,0x0,0x4,5,0x0,1,0,0,0,0,0,0,0,0,0,0,0,0,0,0,0,0,60,20,30,35,15,15,25,0x0,0x0,0x0,0x0,0x0,0x0,0x0,0x0,0x0,0x0,0x0,0x0,0x0,0x0
Monster,0x255,0x2b1,0xad,0x55,0x0,0x4,5,0x0,1,0,0,0,0,0,0,0,0,0,0,0,0,0,0,0,0,60,20,30,35,15,15,25,0x0,0x0,0x0,0x0,0x0,0x0,0x0,0x0,0x0,0x0,0x0,0x0,0x0,0x0
Monster,0x255,0x2b1,0xae,0x56,0x0,0x4,5,0x0,1,0,0,0,0,0,0,0,0,0,0,0,0,0,0,0,0,60,20,30,35,15,15,25,0x0,0x0,0x0,0x0,0x0,0x0,0x0,0x0,0x0,0x0,0x0,0x0,0x0,0x0
Monster,0x255,0x2b1,0xaf,0x57,0x0,0x4,5,0x0,1,0,0,0,0,0,0,0,0,0,0,0,0,0,0,0,0,60,20,30,35,15,15,25,0x0,0x0,0x0,0x0,0x0,0x0,0x0,0x0,0x0,0x0,0x0,0x0,0x0,0x0
Monster,0x255,0x2b1,0xb0,0x58,0x0,0x4,5,0x0,1,0,0,0,0,0,0,0,0,0,0,0,0,0,0,0,0,60,20,30,35,15,15,25,0x0,0x0,0x0,0x0,0x0,0x0,0x0,0x0,0x0,0x0,0x0,0x0,0x0,0x0
Monster,0x255,0x2b1,0xb1,0x59,0x0,0x4,5,0x0,1,0,0,0,0,0,0,0,0,0,0,0,0,0,0,0,0,60,20,30,35,15,15,25,0x0,0x0,0x0,0x0,0x0,0x0,0x0,0x0,0x0,0x0,0x0,0x0,0x0,0x0
Monster,0x255,0x2b1,0xb2,0x5a,0x0,0x4,5,0x0,1,0,0,0,0,0,0,0,0,0,0,0,0,0,0,0,0,60,20,30,35,15,15,25,0x0,0x0,0x0,0x0,0x0,0x0,0x0,0x0,0x0,0x0,0x0,0x0,0x0,0x0
Monster,0x255,0x2b1,0xb3,0x5b,0x0,0x4,5,0x0,1,0,0,0,0,0,0,0,0,0,0,0,0,0,0,0,0,60,20,30,35,15,15,25,0x0,0x0,0x0,0x0,0x0,0x0,0x0,0x0,0x0,0x0,0x0,0x0,0x0,0x0
Monster,0x255,0x2b1,0xb4,0x5c,0x0,0x4,5,0x0,1,0,0,0,0,0,0,0,0,0,0,0,0,0,0,0,0,60,20,30,35,15,15,25,0x0,0x0,0x0,0x0,0x0,0x0,0x0,0x0,0x0,0x0,0x0,0x0,0x0,0x0
Monster,0x255,0x2b1,0xb5,0x5d,0x0,0x4,5,0x0,1,0,0,0,0,0,0,0,0,0,0,0,0,0,0,0,0,60,20,30,35,15,15,25,0x0,0x0,0x0,0x0,0x0,0x0,0x0,0x0,0x0,0x0,0x0,0x0,0x0,0x0
Monster,0x255,0x2b1,0xb6,0x5e,0x0,0x4,5,0x0,1,0,0,0,0,0,0,0,0,0,0,0,0,0,0,0,0,60,20,30,35,15,15,25,0x0,0x0,0x0,0x0,0x0,0x0,0x0,0x0,0x0,0x0,0x0,0x0,0x0,0x0
Monster,0x255,0x2b1,0xb7,0x5f,0x0,0x4,5,0x0,1,0,0,0,0,0,0,0,0,0,0,0,0,0,0,0,0,60,20,30,35,15,15,25,0x0,0x0,0x0,0x0,0x0,0x0,0x0,0x0,0x0,0x0,0x0,0x0,0x0,0x0
Monster,0x255,0x2b1,0xb8,0x60,0x0,0x4,5,0x0,1,0,0,0,0,0,0,0,0,0,0,0,0,0,0,0,0,60,20,30,35,15,15,25,0x0,0x0,0x0,0x0,0x0,0x0,0x0,0x0,0x0,0x0,0x0,0x0,0x0,0x0
Monster,0x255,0x2b1,0xb9,0x61,0x0,0x4,5,0x0,1,0,0,0,0,0,0,0,0,0,0,0,0,0,0,0,0,60,20,30,35,15,15,25,0x0,0x0,0x0,0x0,0x0,0x0,0x0,0x0,0x0,0x0,0x0,0x0,0x0,0x0
Monster,0x256,0x2b1,0xba,0x62,0x0,0x4,5,0x0,1,0,0,0,0,0,0,0,0,0,0,0,0,0,0,0,0,100,0,0,0,0,0,0,0x0,0x0,0x0,0x0,0x0,0x0,0x0,0x0,0x0,0x0,0x0,0x0,0x0,0x0
Monster,0x255,0x2b1,0xbb,0x63,0x0,0x4,5,0x0,1,0,0,0,0,0,0,0,0,0,0,0,0,0,0,0,0,60,20,30,35,15,15,25,0x0,0x0,0x0,0x0,0x0,0x0,0x0,0x0,0x0,0x0,0x0,0x0,0x0,0x0
Monster,0x255,0x2b1,0xbc,0x64,0x0,0x4,5,0x0,1,0,0,0,0,0,0,0,0,0,0,0,0,0,0,0,0,60,20,30,35,15,15,25,0x0,0x0,0x0,0x0,0x0,0x0,0x0,0x0,0x0,0x0,0x0,0x0,0x0,0x0
Monster,0x255,0x2b1,0xbd,0x65,0x0,0x1,5,0x0,1,0,0,0,0,0,0,0,0,0,0,0,0,0,0,0,0,60,20,30,35,15,15,25,0x0,0x0,0x0,0x0,0x0,0x0,0x0,0x0,0x0,0x0,0x0,0x0,0x0,0x0
Monster,0x25a,0x2b2,0xbe,0x66,0x0,0x4,5,0x0,20,0,0,0,0,0,0,10,0,0,0,0,0,0,0,0,0,60,20,30,35,15,15,25,0x0,0x0,0x0,0x0,0x0,0x0,0x80,0x0,0x0,0x0,0x0,0x0,0x0,0x0
Demon King,0x267,0x0,0xbf,0x41,0x0,0x0,0,0x0,1,0,0,0,0,0,0,0,0,0,0,0,0,0,0,0,0,0,0,0,0,0,0,0,0x0,0x0,0x0,0x0,0x0,0x0,0x0,0x0,0x0,0x0,0x0,0x0,0x0,0x0
-0,0x262,0x2ba,0xc0,0x13,0x0,0x2,0,0x0,1,0,0,0,0,0,0,0,0,0,0,0,0,0,0,0,0,85,40,50,45,25,25,20,0x0,0x0,0x0,0x0,0x0,0x0,0x0,0x0,0x0,0x0,0x0,0x0,0x0,0x0
Frelian,0x262,0x2ba,0xc1,0x5,0x0,0x2,0,0x0,1,0,0,0,0,0,0,0,0,0,0,0,0,0,0,0,0,85,40,50,45,25,25,20,0x0,0x0,0x0,0x0,0x0,0x0,0x0,0x0,0x0,0x0,0x0,0x0,0x0,0x0
Frelian,0x267,0x0,0xc2,0x41,0x0,0x0,0,0x0,1,0,0,0,0,0,0,0,0,0,0,0,0,0,0,0,0,0,0,0,0,0,0,0,0x0,0x0,0x0,0x0,0x0,0x0,0x0,0x0,0x0,0x0,0x0,0x0,0x0,0x0
-0,0x267,0x0,0xc3,0x41,0x0,0x0,0,0x0,1,0,0,0,0,0,0,0,0,0,0,0,0,0,0,0,0,0,0,0,0,0,0,0,0x0,0x0,0x0,0x0,0x0,0x0,0x0,0x0,0x0,0x0,0x0,0x0,0x0,0x0
-0,0x267,0x0,0xc4,0x41,0x0,0x0,0,0x0,1,0,0,0,0,0,0,0,0,0,0,0,0,0,0,0,0,0,0,0,0,0,0,0,0x0,0x0,0x0,0x0,0x0,0x0,0x0,0x0,0x0,0x0,0x0,0x0,0x0,0x0
-0,0x25b,0x2b3,0xc5,0x27,0x51,0x0,1,0x0,5,13,8,6,8,2,12,10,3,0,0,0,0,0,0,0,0,85,40,50,45,25,25,20,0x0,0x0,0x0,0x0,0x0,0x0,0x0,0x0,0x0,0x0,0x0,0x0,0x0,0x0
Fado (Renais),0x267,0x0,0xc6,0x41,0x0,0x0,0,0x0,1,0,0,0,0,0,0,0,0,0,0,0,0,0,0,0,0,0,0,0,0,0,0,0,0x0,0x0,0x0,0x0,0x0,0x0,0x0,0x0,0x0,0x0,0x0,0x0,0x0,0x0
-0,0x25c,0x2b4,0xc7,0x73,0x52,0x0,7,0x0,1,0,0,0,0,0,0,0,1,0,0,0,0,0,0,0,0,85,40,50,45,25,25,20,0x0,0x0,0x0,0x0,0x0,0x0,0x0,0x0,0x0,0x0,0x0,0x0,0x0,0x0
Hayden (Frelia),0x25e,0x2b5,0xc8,0x7a,0x53,0x0,6,0x0,17,11,11,3,2,5,8,17,0,0,0,0,0,0,0,0,0,85,40,50,45,25,25,20,0x0,0x0,0x0,0x0,0x0,0x0,0x0,0x0,0x0,0x0,0x0,0x0,0x0,0x0
Mansel (Rausten),0x25d,0x2b6,0xc9,0x2b,0x54,0x0,7,0x0,1,0,0,0,0,0,0,0,0,0,0,0,0,0,0,0,0,85,40,50,45,25,25,20,0x0,0x0,0x0,0x0,0x0,0x0,0x0,0x0,0x0,0x0,0x0,0x0,0x0,0x0
Klimt (Carcino),0x25f,0x2b7,0xca,0x2f,0x55,0x0,5,0x0,1,0,0,0,0,0,0,0,0,0,0,0,0,0,0,0,0,85,40,50,45,25,25,20,0x0,0x0,0x0,0x0,0x0,0x0,0x0,0x0,0x0,0x0,0x0,0x0,0x0,0x0
Dara (Caer Pelyn),0x260,0x2b8,0xcb,0x74,0x56,0x0,3,0x0,4,14,10,9,11,4,12,12,0,181,0,0,0,0,0,0,0,75,30,60,55,20,25,30,0x0,0x0,0x0,0x0,0x0,0x0,0x40,0x0,0x0,0x0,0x0,0x0,0x0,0x0
Ismaire (Jehanna),0x261,0x2b9,0xcc,0x48,0x69,0x0,3,0x0,1,3,2,2,5,0,2,7,0,0,31,0,0,0,0,0,0,85,40,50,45,25,25,20,0x0,0x0,0x0,0x0,0x0,0x0,0x40,0x0,0x0,0x0,0x0,0x0,0x0,0x0
Pegasus Messenger,0x263,0x2bb,0xcd,0x9,0x0,0x2,0,0x0,1,0,0,0,0,0,0,0,0,0,0,0,0,0,0,0,0,85,40,50,45,25,25,20,0x0,0x0,0x0,0x0,0x0,0x0,0x0,0x0,0x0,0x0,0x0,0x0,0x0,0x0
Rausten Knight,0x263,0x2bb,0xce,0x9,0x0,0x2,0,0x0,1,0,0,0,0,0,0,0,0,0,0,0,0,0,0,0,0,85,40,50,45,25,25,20,0x0,0x0,0x0,0x0,0x0,0x0,0x0,0x0,0x0,0x0,0x0,0x0,0x0,0x0
Rausten Knight,0x267,0x0,0xcf,0x41,0x0,0x0,0,0x0,0,0,0,0,0,0,0,0,0,0,0,0,0,0,0,0,0,0,0,0,0,0,0,0,0x0,0x0,0x0,0x0,0x0,0x0,0x0,0x0,0x0,0x0,0x0,0x0,0x0,0x0
(Untested Beyond this point),0x267,0x0,0xd0,0x41,0x0,0x0,0,0x0,0,0,0,0,0,0,0,0,0,0,0,0,0,0,0,0,0,0,0,0,0,0,0,0,0x0,0x0,0x0,0x0,0x0,0x0,0x0,0x0,0x0,0x0,0x0,0x0,0x0,0x0
-0,0x267,0x0,0xd1,0x41,0x0,0x0,0,0x0,0,0,0,0,0,0,0,0,0,0,0,0,0,0,0,0,0,0,0,0,0,0,0,0,0x0,0x0,0x0,0x0,0x0,0x0,0x0,0x0,0x0,0x0,0x0,0x0,0x0,0x0
-0,0x267,0x0,0xd2,0x41,0x0,0x0,0,0x0,0,0,0,0,0,0,0,0,0,0,0,0,0,0,0,0,0,0,0,0,0,0,0,0,0x0,0x0,0x0,0x0,0x0,0x0,0x0,0x0,0x0,0x0,0x0,0x0,0x0,0x0
-0,0x267,0x0,0xd3,0x41,0x0,0x0,0,0x0,0,0,0,0,0,0,0,0,0,0,0,0,0,0,0,0,0,0,0,0,0,0,0,0,0x0,0x0,0x0,0x0,0x0,0x0,0x0,0x0,0x0,0x0,0x0,0x0,0x0,0x0
-0,0x267,0x0,0xd4,0x41,0x0,0x0,0,0x0,0,0,0,0,0,0,0,0,0,0,0,0,0,0,0,0,0,0,0,0,0,0,0,0,0x0,0x0,0x0,0x0,0x0,0x0,0x0,0x0,0x0,0x0,0x0,0x0,0x0,0x0
-0,0x267,0x0,0xd5,0x41,0x0,0x0,0,0x0,0,0,0,0,0,0,0,0,0,0,0,0,0,0,0,0,0,0,0,0,0,0,0,0,0x0,0x0,0x0,0x0,0x0,0x0,0x0,0x0,0x0,0x0,0x0,0x0,0x0,0x0
-0,0x267,0x0,0xd6,0x41,0x0,0x0,0,0x0,0,0,0,0,0,0,0,0,0,0,0,0,0,0,0,0,0,0,0,0,0,0,0,0,0x0,0x0,0x0,0x0,0x0,0x0,0x0,0x0,0x0,0x0,0x0,0x0,0x0,0x0
-0,0x267,0x0,0xd7,0x41,0x0,0x0,0,0x0,0,0,0,0,0,0,0,0,0,0,0,0,0,0,0,0,0,0,0,0,0,0,0,0,0x0,0x0,0x0,0x0,0x0,0x0,0x0,0x0,0x0,0x0,0x0,0x0,0x0,0x0
-0,0x267,0x0,0xd8,0x41,0x0,0x0,0,0x0,0,0,0,0,0,0,0,0,0,0,0,0,0,0,0,0,0,0,0,0,0,0,0,0,0x0,0x0,0x0,0x0,0x0,0x0,0x0,0x0,0x0,0x0,0x0,0x0,0x0,0x0
-0,0x267,0x0,0xd9,0x41,0x0,0x0,0,0x0,0,0,0,0,0,0,0,0,0,0,0,0,0,0,0,0,0,0,0,0,0,0,0,0,0x0,0x0,0x0,0x0,0x0,0x0,0x0,0x0,0x0,0x0,0x0,0x0,0x0,0x0
-0,0x267,0x0,0xda,0x41,0x0,0x0,0,0x0,0,0,0,0,0,0,0,0,0,0,0,0,0,0,0,0,0,0,0,0,0,0,0,0,0x0,0x0,0x0,0x0,0x0,0x0,0x0,0x0,0x0,0x0,0x0,0x0,0x0,0x0
-0,0x267,0x0,0xdb,0x41,0x0,0x0,0,0x0,0,0,0,0,0,0,0,0,0,0,0,0,0,0,0,0,0,0,0,0,0,0,0,0,0x0,0x0,0x0,0x0,0x0,0x0,0x0,0x0,0x0,0x0,0x0,0x0,0x0,0x0
-0,0x267,0x0,0xdc,0x41,0x0,0x0,0,0x0,0,0,0,0,0,0,0,0,0,0,0,0,0,0,0,0,0,0,0,0,0,0,0,0,0x0,0x0,0x0,0x0,0x0,0x0,0x0,0x0,0x0,0x0,0x0,0x0,0x0,0x0
-0,0x267,0x0,0xdd,0x41,0x0,0x0,0,0x0,0,0,0,0,0,0,0,0,0,0,0,0,0,0,0,0,0,0,0,0,0,0,0,0,0x0,0x0,0x0,0x0,0x0,0x0,0x0,0x0,0x0,0x0,0x0,0x0,0x0,0x0
-0,0x267,0x0,0xde,0x41,0x0,0x0,0,0x0,0,0,0,0,0,0,0,0,0,0,0,0,0,0,0,0,0,0,0,0,0,0,0,0,0x0,0x0,0x0,0x0,0x0,0x0,0x0,0x0,0x0,0x0,0x0,0x0,0x0,0x0
-0,0x267,0x0,0xdf,0x41,0x0,0x0,0,0x0,0,0,0,0,0,0,0,0,0,0,0,0,0,0,0,0,0,0,0,0,0,0,0,0,0x0,0x0,0x0,0x0,0x0,0x0,0x0,0x0,0x0,0x0,0x0,0x0,0x0,0x0
-0,0x267,0x0,0xe0,0x41,0x0,0x0,0,0x0,0,0,0,0,0,0,0,0,0,0,0,0,0,0,0,0,0,0,0,0,0,0,0,0,0x0,0x0,0x0,0x0,0x0,0x0,0x0,0x0,0x0,0x0,0x0,0x0,0x0,0x0
-0,0x267,0x0,0xe1,0x41,0x0,0x0,0,0x0,0,0,0,0,0,0,0,0,0,0,0,0,0,0,0,0,0,0,0,0,0,0,0,0,0x0,0x0,0x0,0x0,0x0,0x0,0x0,0x0,0x0,0x0,0x0,0x0,0x0,0x0
-0,0x267,0x0,0xe2,0x41,0x0,0x0,0,0x0,0,0,0,0,0,0,0,0,0,0,0,0,0,0,0,0,0,0,0,0,0,0,0,0,0x0,0x0,0x0,0x0,0x0,0x0,0x0,0x0,0x0,0x0,0x0,0x0,0x0,0x0
-0,0x267,0x0,0xe3,0x41,0x0,0x0,0,0x0,0,0,0,0,0,0,0,0,0,0,0,0,0,0,0,0,0,0,0,0,0,0,0,0,0x0,0x0,0x0,0x0,0x0,0x0,0x0,0x0,0x0,0x0,0x0,0x0,0x0,0x0
-0,0x267,0x0,0xe4,0x41,0x0,0x0,0,0x0,0,0,0,0,0,0,0,0,0,0,0,0,0,0,0,0,0,0,0,0,0,0,0,0,0x0,0x0,0x0,0x0,0x0,0x0,0x0,0x0,0x0,0x0,0x0,0x0,0x0,0x0
-0,0x267,0x0,0xe5,0x41,0x0,0x0,0,0x0,0,0,0,0,0,0,0,0,0,0,0,0,0,0,0,0,0,0,0,0,0,0,0,0,0x0,0x0,0x0,0x0,0x0,0x0,0x0,0x0,0x0,0x0,0x0,0x0,0x0,0x0
-0,0x267,0x0,0xe6,0x41,0x0,0x0,0,0x0,0,0,0,0,0,0,0,0,0,0,0,0,0,0,0,0,0,0,0,0,0,0,0,0,0x0,0x0,0x0,0x0,0x0,0x0,0x0,0x0,0x0,0x0,0x0,0x0,0x0,0x0
-0,0x267,0x0,0xe7,0x41,0x0,0x0,0,0x0,0,0,0,0,0,0,0,0,0,0,0,0,0,0,0,0,0,0,0,0,0,0,0,0,0x0,0x0,0x0,0x0,0x0,0x0,0x0,0x0,0x0,0x0,0x0,0x0,0x0,0x0
-0,0x267,0x0,0xe8,0x41,0x0,0x0,0,0x0,0,0,0,0,0,0,0,0,0,0,0,0,0,0,0,0,0,0,0,0,0,0,0,0,0x0,0x0,0x0,0x0,0x0,0x0,0x0,0x0,0x0,0x0,0x0,0x0,0x0,0x0
-0,0x267,0x0,0xe9,0x41,0x0,0x0,0,0x0,0,0,0,0,0,0,0,0,0,0,0,0,0,0,0,0,0,0,0,0,0,0,0,0,0x0,0x0,0x0,0x0,0x0,0x0,0x0,0x0,0x0,0x0,0x0,0x0,0x0,0x0
-0,0x267,0x0,0xea,0x41,0x0,0x0,0,0x0,0,0,0,0,0,0,0,0,0,0,0,0,0,0,0,0,0,0,0,0,0,0,0,0,0x0,0x0,0x0,0x0,0x0,0x0,0x0,0x0,0x0,0x0,0x0,0x0,0x0,0x0
-0,0x267,0x0,0xeb,0x41,0x0,0x0,0,0x0,0,0,0,0,0,0,0,0,0,0,0,0,0,0,0,0,0,0,0,0,0,0,0,0,0x0,0x0,0x0,0x0,0x0,0x0,0x0,0x0,0x0,0x0,0x0,0x0,0x0,0x0
-0,0x267,0x0,0xec,0x41,0x0,0x0,0,0x0,0,0,0,0,0,0,0,0,0,0,0,0,0,0,0,0,0,0,0,0,0,0,0,0,0x0,0x0,0x0,0x0,0x0,0x0,0x0,0x0,0x0,0x0,0x0,0x0,0x0,0x0
-0,0x267,0x0,0xed,0x41,0x0,0x0,0,0x0,0,0,0,0,0,0,0,0,0,0,0,0,0,0,0,0,0,0,0,0,0,0,0,0,0x0,0x0,0x0,0x0,0x0,0x0,0x0,0x0,0x0,0x0,0x0,0x0,0x0,0x0
-0,0x267,0x0,0xee,0x41,0x0,0x0,0,0x0,0,0,0,0,0,0,0,0,0,0,0,0,0,0,0,0,0,0,0,0,0,0,0,0,0x0,0x0,0x0,0x0,0x0,0x0,0x0,0x0,0x0,0x0,0x0,0x0,0x0,0x0
-0,0x267,0x0,0xef,0x41,0x0,0x0,0,0x0,0,0,0,0,0,0,0,0,0,0,0,0,0,0,0,0,0,0,0,0,0,0,0,0,0x0,0x0,0x0,0x0,0x0,0x0,0x0,0x0,0x0,0x0,0x0,0x0,0x0,0x0
-0,0x267,0x0,0xf0,0x41,0x0,0x0,0,0x0,0,0,0,0,0,0,0,0,0,0,0,0,0,0,0,0,0,0,0,0,0,0,0,0,0x0,0x0,0x0,0x0,0x0,0x0,0x0,0x0,0x0,0x0,0x0,0x0,0x0,0x0
-0,0x267,0x0,0xf1,0x41,0x0,0x0,0,0x0,0,0,0,0,0,0,0,0,0,0,0,0,0,0,0,0,0,0,0,0,0,0,0,0,0x0,0x0,0x0,0x0,0x0,0x0,0x0,0x0,0x0,0x0,0x0,0x0,0x0,0x0
-0,0x267,0x0,0xf2,0x41,0x0,0x0,0,0x0,0,0,0,0,0,0,0,0,0,0,0,0,0,0,0,0,0,0,0,0,0,0,0,0,0x0,0x0,0x0,0x0,0x0,0x0,0x0,0x0,0x0,0x0,0x0,0x0,0x0,0x0
-0,0x267,0x0,0xf3,0x41,0x0,0x0,0,0x0,0,0,0,0,0,0,0,0,0,0,0,0,0,0,0,0,0,0,0,0,0,0,0,0,0x0,0x0,0x0,0x0,0x0,0x0,0x0,0x0,0x0,0x0,0x0,0x0,0x0,0x0
-0,0x266,0x2bd,0xf4,0x6d,0x0,0x5,0,0x0,1,0,0,0,0,2,0,0,0,0,0,0,0,0,0,0,0,85,25,60,10,15,15,25,0x0,0x0,0x0,0x0,0x0,0x0,0x0,0x0,0x0,0x0,0x0,0x0,0x0,0x0
-0,0x266,0x2bd,0xf5,0x6e,0x0,0x5,0,0x0,1,0,0,0,0,2,0,0,0,0,0,0,0,0,0,0,0,85,25,60,10,15,15,25,0x0,0x0,0x0,0x0,0x0,0x0,0x40,0x0,0x0,0x0,0x0,0x0,0x0,0x0
-0,0x266,0x2bd,0xf6,0x6f,0x0,0x5,0,0x0,1,0,0,0,0,2,0,0,0,0,0,0,0,0,0,0,0,85,25,60,10,15,15,25,0x0,0x0,0x0,0x0,0x0,0x0,0x0,0x0,0x0,0x0,0x0,0x0,0x0,0x0
-0,0x266,0x2bd,0xf7,0x70,0x0,0x5,0,0x0,1,0,0,0,0,2,0,0,0,0,0,0,0,0,0,0,0,85,25,60,10,15,15,25,0x0,0x0,0x0,0x0,0x0,0x0,0x40,0x0,0x0,0x0,0x0,0x0,0x0,0x0
-0,0x266,0x2bd,0xf8,0x6d,0x0,0x5,0,0x0,1,0,0,0,0,2,0,0,0,0,0,0,0,0,0,0,0,85,25,60,10,15,15,25,0x0,0x0,0x0,0x0,0x0,0x0,0x0,0x0,0x0,0x0,0x0,0x0,0x0,0x0
-0,0x265,0x2bc,0xf9,0x6e,0x0,0x5,0,0x0,1,0,0,0,0,2,0,0,0,0,0,0,0,0,0,0,0,85,25,60,10,15,15,25,0x0,0x0,0x0,0x0,0x0,0x0,0x40,0x0,0x0,0x0,0x0,0x0,0x0,0x0
-0,0x265,0x2bc,0xfa,0x71,0x0,0x5,0,0x0,1,0,0,0,0,2,0,0,0,0,0,0,0,0,0,0,0,85,25,60,10,15,15,25,0x0,0x0,0x0,0x0,0x0,0x0,0x0,0x0,0x0,0x0,0x0,0x0,0x0,0x0
-0,0x265,0x2bc,0xfb,0x72,0x0,0x5,0,0x0,1,0,0,0,0,2,0,0,0,0,0,0,0,0,0,0,0,85,25,60,10,15,15,25,0x0,0x0,0x0,0x0,0x0,0x0,0x40,0x0,0x0,0x0,0x0,0x0,0x0,0x0
-0,0x264,0x0,0xfc,0x71,0x0,0x5,0,0x0,1,0,0,0,0,2,0,0,0,0,0,0,0,0,0,0,0,85,25,60,10,15,15,25,0x0,0x0,0x0,0x0,0x0,0x0,0x0,0x0,0x0,0x0,0x3,0x0,0x0,0x0
-0,0x267,0x0,0xfd,0x41,0x0,0x0,0,0x0,0,0,0,0,0,0,0,0,0,0,0,0,0,0,0,0,0,0,0,0,0,0,0,0,0x0,0x0,0x0,0x0,0x0,0x0,0x0,0x0,0x0,0x0,0x0,0x0,0x0,0x0
-0,0x268,0x0,0xfe,0x41,0x0,0x0,0,0x0,0,0,0,0,0,0,0,0,0,0,0,0,0,0,0,0,0,0,0,0,0,0,0,0,0x0,0x0,0x0,0x0,0x0,0x0,0x0,0x0,0x0,0x0,0x0,0x0,0x0,0x0
-0,0x269,0x0,0xff,0x41,0x0,0x0,0,0x0,0,0,0,0,0,0,0,0,0,0,0,0,0,0,0,0,0,0,0,0,0,0,0,0,0x0,0x0,0x0,0x0,0x0,0x0,0x0,0x0,0x0,0x0,0x0,0x0,0x0,0x0
