0x8b0890,Chapter Number Pointer,Object Type,Palette,Tile Configuration,Map,Tile Animation 1,Tile Animation 2,Triggerable Map Changes,Fog of War sight level (0 = No fog),Battle Preparations,Save Menu Chapter Name,Chapter Title Image (Always Zero),Initial Camera X-Coordinate,Initial Camera X-Coordinate,Weather Condition,Battle Background Type,Normal/Hard bonus levels,Easy level penalty,Player Phase music,Enemy Phase music,NPC Phase music,Player Phase music 2,Enemy Phase music 2,NPC Phase music 2,Player BGM Change Flag,Enemy BGM Change Flag,Unknown,Victory BGM,Unknown,Destructible Walls HP,Tactics rank A (1),Tactics rank A (2),Tactics rank A (3),Tactics rank A (4),Tactics rank B (1),Tactics rank B (2),Tactics rank B (3),Tactics rank B (4),Tactics rank C (1),Tactics rank C (2),Tactics rank C (3),Tactics rank C (4),Tactics rank D (1),Tactics rank D (2),Tactics rank D (3),Tactics rank D (4),Unknown (0),Exp rank A (1),Exp rank A (2),Exp rank A (3),Exp rank A (4),Exp rank B (1),Exp rank B (2),Exp rank B (3),Exp rank B (4),Exp rank C (1),Exp rank C (2),Exp rank C (3),Exp rank C (4),Exp rank D (1),Exp rank D (2),Exp rank D (3),Exp rank D (4),Unknown,Funds rank 1,Funds rank 2,Funds rank 3,Funds rank 4,Map Name String,Map Name String 2,Event Data Reference,Worldmap Chapter Prologue Scene,Unknown 0,Chapter Number x2,Unknown 0,Unknown FFFF,##UNKNOWN##,Remaining enemies for Victory BGM,Dark Before Initial Event,Status - Objective Text,Goal Window Text,Goal Window Information,Turns to count down to +1,Protect Character Marker,Tile Marker - X-Coordinate,Tile Marker - Y-Coordinate,Unknown byte,Unknown short
Prologue,0x0,0x0,0x0,0x0,0x0,0x0,0x0,0x0,0,0x0,0x0,0x0,1,1,0x0,0x0,0x30,0x0,Knight_Errand,At_Dooms_Gate,0,Splash_HDN,Taisen_4,0,0,0,0,0x0,0x0,50,0x0,0x0,0x0,0x0,0x0,0x0,0x0,0x0,0x0,0x0,0x0,0x0,0x0,0x0,0x0,0x0,0x0,0x0,0x0,0x0,0x0,0x0,0x0,0x0,0x0,0x0,0x0,0x0,0x0,0x0,0x0,0x0,0x0,0x0,0x0,0x0,0x0,0x0,PrologueName,0x0,0x7,0x1,0x0,0x0,0x0,0x0,0x0,1,0x1,PrologueObjective,PrologueObjective,0x3,0,0x0,255,0,0x0,0x0
Ch1,0x0,0x0,0x0,0x0,0x0,0x0,0x0,0x0,0,0x0,0x1,0x0,1,1,0x0,0x0,0x30,0x0,Eldigan_the_Lionheart,At_Dooms_Gate,Eldigan_the_Lionheart,Splash_HDN,Taisen_4,Splash_HDN,0xffff,0xffff,0xb,0x0,0x0,50,0x0,0x0,0x0,0x0,0x0,0x0,0x0,0x0,0x0,0x0,0x0,0x0,0x0,0x0,0x0,0x0,0x0,0x0,0x0,0x0,0x0,0x0,0x0,0x0,0x0,0x0,0x0,0x0,0x0,0x0,0x0,0x0,0x0,0x0,0x0,0x0,0x0,0x0,Ch1Name,0x0,0xa,0x2,0x0,0x0,0x0,0x0,0x0,1,0x0,Ch1Objective,Ch1Objective,0x3,0,0x0,255,0,0x0,0x0
Ch2,0x0,0x0,0x0,0x0,0x0,0x0,0x0,0x0,0,0x0,0x2,0x0,1,1,0x0,0x5,0x30,0x0,Redial_Bomberman,At_Dooms_Gate,Redial_Bomberman,Splash_HDN,Taisen_4,Splash_HDN,0xffff,0xffff,Trial_Phoenix_Wright,0x0,0x0,50,0x0,0x0,0x0,0x0,0x0,0x0,0x0,0x0,0x0,0x0,0x0,0x0,0x0,0x0,0x0,0x0,0x0,0x0,0x0,0x0,0x0,0x0,0x0,0x0,0x0,0x0,0x0,0x0,0x0,0x0,0x0,0x0,0x0,0x0,0x0,0x0,0x0,0x0,Ch2Name,0x0,0xd,0x3,0x0,0x0,0x0,0x0,0x0,1,0x1,Ch2Objective,Ch2Objective,0x2,9,PriestUnit,255,0,0x0,0x0
Ch3,0x0,0x0,0x0,0x0,0x0,0x0,0x0,0x0,3,0x0,0x3,0x0,8,8,0x0,0xd,0x30,0x0,Frantic_Factory,Mr_Bear,0xf,Splash_HDN,Cap_on_Nappers,0xf,0xffff,0xffff,Trial_Phoenix_Wright,0x0,0x0,25,0x0,0x0,0x0,0x0,0x0,0x0,0x0,0x0,0x0,0x0,0x0,0x0,0x0,0x0,0x0,0x0,0x0,0x0,0x0,0x0,0x0,0x0,0x0,0x0,0x0,0x0,0x0,0x0,0x0,0x0,0x0,0x0,0x0,0x0,0x0,0x0,0x0,0x0,Ch3Name,0x0,0x14,0x4,0x0,0x0,0x0,0x0,0x0,1,0x1,Ch3Objective,Ch3Objective,0x0,0,0x0,255,0,0x0,0x0
Ch4,0x0,0x0,0x0,0x0,0x0,0x0,0x0,0x0,0,0x0,0x4,0x0,1,1,0x0,0xf,0x30,0x0,Deserted_Chateau,At_Dooms_Gate,Deserted_Chateau,Splash_HDN,Taisen_4,Splash_HDN,0xffff,0xffff,Trial_Phoenix_Wright,0x0,0x0,30,0x0,0x0,0x0,0x0,0x0,0x0,0x0,0x0,0x0,0x0,0x0,0x0,0x0,0x0,0x0,0x0,0x0,0x0,0x0,0x0,0x0,0x0,0x0,0x0,0x0,0x0,0x0,0x0,0x0,0x0,0x0,0x0,0x0,0x0,0x0,0x0,0x0,0x0,Ch4Name,0x0,0x17,0x5,0x0,0x0,0x0,0x0,0x0,1,0x1,Ch4Objective,Ch4Objective,0x0,0,0x0,255,0,0x0,0x0
Ch5,0x0,0x0,0x0,0x0,0x0,0x0,0x0,0x0,0,0x0,0x5,0x0,1,1,0x0,0x4,0x30,0x0,Blaster_Master_Stage_1,Boss_Pikmin_2,Blaster_Master_Stage_1,Attack_Shining_Force,Battle_1_Elona,Attack_Shining_Force,0xffff,0xffff,Shop_Prep_Langrisser_2,0x0,0x0,50,0x0,0x0,0x0,0x0,0x0,0x0,0x0,0x0,0x0,0x0,0x0,0x0,0x0,0x0,0x0,0x0,0x0,0x0,0x0,0x0,0x0,0x0,0x0,0x0,0x0,0x0,0x0,0x0,0x0,0x0,0x0,0x0,0x0,0x0,0x0,0x0,0x0,0x0,Ch5Name,0x0,0x1e,0x6,0x0,0x0,0x0,0x0,0x0,1,0x1,Ch5Objective,Ch5Objective,0x2,15,NPC_Civilian,255,0,0x0,0x0
Ch6,0x0,0x0,0x0,0x0,0x0,0x0,0x0,0x0,0,0x0,0x6,0x0,8,8,0x0,0xf,0x30,0x0,Dark_Labyrinth,Mr_Bear,Dark_Labyrinth,Attack_Shining_Force,Cap_on_Nappers,Attack_Shining_Force,0xffff,0xffff,Shop_Prep_Langrisser_2,0x0,0x0,50,0x0,0x0,0x0,0x0,0x0,0x0,0x0,0x0,0x0,0x0,0x0,0x0,0x0,0x0,0x0,0x0,0x0,0x0,0x0,0x0,0x0,0x0,0x0,0x0,0x0,0x0,0x0,0x0,0x0,0x0,0x0,0x0,0x0,0x0,0x0,0x0,0x0,0x0,Ch6Name,0x0,0x21,0x7,0x0,0x0,0x0,0x0,0x0,1,0x1,Ch6Objective,Ch6Objective,0x3,0,0x0,255,0,0x0,0x0
Ch7,0x0,0x0,0x0,0x0,0x0,0x0,0x0,0x0,0,0x0,0x7,0x0,8,8,0x0,0x0,0x30,0x0,The_Army_of_Leif,Boss_Pikmin_2,0x11,Attack_Shining_Force,Battle_1_Elona,0x11,0xffff,0xffff,Shop_Prep_Langrisser_2,0x0,0x0,50,0x0,0x0,0x0,0x0,0x0,0x0,0x0,0x0,0x0,0x0,0x0,0x0,0x0,0x0,0x0,0x0,0x0,0x0,0x0,0x0,0x0,0x0,0x0,0x0,0x0,0x0,0x0,0x0,0x0,0x0,0x0,0x0,0x0,0x0,0x0,0x0,0x0,0x0,Ch7Name,0x0,0x24,0x8,0x0,0x0,0x0,0x0,0x0,1,0x1,Ch7Objective,Ch7Objective,0x0,0,Imperial,255,0,0x0,0x0
Ch8,0x0,0x0,0x0,0x0,0x0,0x0,0x0,0x0,3,0x0,0x8,0x0,8,8,0x1,0x1,0x30,0x0,Beloved_Tomboyish_Girl,Hiryu_No_Ken_2,0xf,Battle_Tales_of_Phantasia,Jin_Tekken_3,0xf,0xffff,0xffff,Shop_Prep_Langrisser_2,0x0,0x0,50,0x0,0x0,0x0,0x0,0x0,0x0,0x0,0x0,0x0,0x0,0x0,0x0,0x0,0x0,0x0,0x0,0x0,0x0,0x0,0x0,0x0,0x0,0x0,0x0,0x0,0x0,0x0,0x0,0x0,0x0,0x0,0x0,0x0,0x0,0x0,0x0,0x0,0x0,Ch8Name,0x0,0x27,0x9,0x0,0x0,0x0,0x0,0x0,1,0x1,Ch8Objective,Ch8Objective,0x2,13,0x0,255,0,0x0,0x0
Ch9,0x0,0x0,0x0,0x0,0x0,0x0,0x0,0x0,0,0x0,0x9,0x0,35,35,0x0,0xf,0x30,0x0,JENOVA_FF7,Hiryu_No_Ken_2,JENOVA_FF7,Battle_Tales_of_Phantasia,Jin_Tekken_3,Battle_Tales_of_Phantasia,0xffff,0xffff,Shop_Prep_Langrisser_2,0x0,0x0,50,0x0,0x0,0x0,0x0,0x0,0x0,0x0,0x0,0x0,0x0,0x0,0x0,0x0,0x0,0x0,0x0,0x0,0x0,0x0,0x0,0x0,0x0,0x0,0x0,0x0,0x0,0x0,0x0,0x0,0x0,0x0,0x0,0x0,0x0,0x0,0x0,0x0,0x0,Ch9Name,0x0,0x2a,0xa,0x0,0x0,0x0,0x0,0x0,1,0x1,Ch9Objective,Ch9Objective,0x0,0,0x0,255,0,0x0,0x0
Ch10,0x0,0x0,0x0,0x0,0x0,0x0,0x0,0x0,0,0x0,0xa,0x0,80,80,0x0,0x1,0x30,0x0,Inheritor_of_the_Light,Hiryu_No_Ken_2,0xf,Battle_Tales_of_Phantasia,Jin_Tekken_3,0xf,0xffff,0xffff,Shop_Prep_Langrisser_2,0x0,0x0,50,0x0,0x0,0x0,0x0,0x0,0x0,0x0,0x0,0x0,0x0,0x0,0x0,0x0,0x0,0x0,0x0,0x0,0x0,0x0,0x0,0x0,0x0,0x0,0x0,0x0,0x0,0x0,0x0,0x0,0x0,0x0,0x0,0x0,0x0,0x0,0x0,0x0,0x0,Ch10Name,0x0,0x2d,0xb,0x0,0x0,0x0,0x0,0x0,1,0x1,Ch10Objective,Ch10Objective,0x0,0,0x0,255,0,0x0,0x0
Ch11,0x0,0x0,0x0,0x0,0x0,0x0,0x0,0x0,0,0x0,0xb,0x0,8,8,0x0,0x8,0x30,0x0,Stage_1_Crystal_Palace,Army_of_Verdane,0xf,Durant_Sortie,Decisive_Battle,0xf,0xffff,0xffff,0xb,0x0,0x0,50,0x0,0x0,0x0,0x0,0x0,0x0,0x0,0x0,0x0,0x0,0x0,0x0,0x0,0x0,0x0,0x0,0x0,0x0,0x0,0x0,0x0,0x0,0x0,0x0,0x0,0x0,0x0,0x0,0x0,0x0,0x0,0x0,0x0,0x0,0x0,0x0,0x0,0x0,Ch11Name,0x0,0x33,0xc,0x0,0x0,0x0,0x0,0x0,1,0x1,Ch11Objective,Ch11Objective,0x2,12,0x0,255,0,0x0,0x0
Ch12,0x0,0x0,0x0,0x0,0x0,0x0,0x0,0x0,0,0x0,0xc,0x0,8,8,0x0,0x13,0x30,0x0,Fillmore_Actraiser,Mr_Bear,0xf,Durant_Sortie,Cap_on_Nappers,0xf,0xffff,0xffff,0xb,0x0,0x0,50,0x0,0x0,0x0,0x0,0x0,0x0,0x0,0x0,0x0,0x0,0x0,0x0,0x0,0x0,0x0,0x0,0x0,0x0,0x0,0x0,0x0,0x0,0x0,0x0,0x0,0x0,0x0,0x0,0x0,0x0,0x0,0x0,0x0,0x0,0x0,0x0,0x0,0x0,Ch12Name,0x0,0x37,0xd,0x0,0x0,0x0,0x0,0x0,1,0x1,Ch12Objective,Ch12Objective,0x3,0,Monster2,255,0,0x0,0x0
Ch13,0x0,0x0,0x0,0x0,0x0,0x0,0x0,0x0,2,0x0,0xd,0x0,8,8,0x0,0x5,0x30,0x0,Searching_for_Enemies,Rebelstar_BGM_1,0xf,Durant_Sortie,Decisive_Battle,0xf,0xffff,0xffff,Pub_FFTA,0x0,0x0,30,0x0,0x0,0x0,0x0,0x0,0x0,0x0,0x0,0x0,0x0,0x0,0x0,0x0,0x0,0x0,0x0,0x0,0x0,0x0,0x0,0x0,0x0,0x0,0x0,0x0,0x0,0x0,0x0,0x0,0x0,0x0,0x0,0x0,0x0,0x0,0x0,0x0,0x0,Ch13Name,0x0,0x3b,0xe,0x0,0x0,0x0,0x0,0x0,1,0x1,Ch13Objective,Ch13Objective,0x3,0,0x0,255,0,0x0,0x0
Ch14,0x0,0x0,0x0,0x0,0x0,0x0,0x0,0x0,0,0x0,0xe,0x0,1,1,0x0,0x2,0x30,0x0,Resolution_Berwick,Army_of_Verdane,Resolution_Berwick,Durant_Sortie,Decisive_Battle,Durant_Sortie,0xffff,0xffff,Pub_FFTA,0x0,0x0,50,0x0,0x0,0x0,0x0,0x0,0x0,0x0,0x0,0x0,0x0,0x0,0x0,0x0,0x0,0x0,0x0,0x0,0x0,0x0,0x0,0x0,0x0,0x0,0x0,0x0,0x0,0x0,0x0,0x0,0x0,0x0,0x0,0x0,0x0,0x0,0x0,0x0,0x0,Ch14Name,0x0,0x41,0xf,0x0,0x0,0x0,0x0,0x0,1,0x1,Ch14Objective,Ch14Objective,0x0,0,NPC_Civilian,255,0,0x0,0x0
Ch15,0x0,0x0,0x0,0x0,0x0,0x0,0x0,0x0,0,0x0,0xf,0x0,19,19,0x0,0x12,0x30,0x0,For_the_Commanders,On_the_Hunt,General_Guy,Self_Discipline,Battle_FFL2,Self_Discipline,0xffff,0xffff,TRS_Prep,0x0,0x0,50,0x0,0x0,0x0,0x0,0x0,0x0,0x0,0x0,0x0,0x0,0x0,0x0,0x0,0x0,0x0,0x0,0x0,0x0,0x0,0x0,0x0,0x0,0x0,0x0,0x0,0x0,0x0,0x0,0x0,0x0,0x0,0x0,0x0,0x0,0x0,0x0,0x0,0x0,Ch15Name,0x0,0x47,0x10,0x0,0x0,0x0,0x0,0x0,1,0x1,Ch15Objective,Ch15Objective,0x3,0,0x0,255,0,0x0,0x0
Ch16,0x0,0x0,0x0,0x0,0x0,0x0,0x0,0x0,0,0x0,0x10,0x0,1,1,0x7,0xe,0x30,0x1,Earthbound_Rudras,On_the_Hunt,0xf,Self_Discipline,Battle_FFL2,0xf,0xffff,0xffff,TRS_Prep,0x0,0x0,35,0x0,0x0,0x0,0x0,0x0,0x0,0x0,0x0,0x0,0x0,0x0,0x0,0x0,0x0,0x0,0x0,0x0,0x0,0x0,0x0,0x0,0x0,0x0,0x0,0x0,0x0,0x0,0x0,0x0,0x0,0x0,0x0,0x0,0x0,0x0,0x0,0x0,0x0,Ch16Name,0x0,0x4b,0x11,0x0,0x0,0x0,0x0,0x0,1,0x1,Ch16Objective,Ch16Objective,0x0,0,0x0,255,0,0x0,0x0
Ch17,0x0,0x0,0x0,0x0,0x0,0x0,0x0,0x0,0,0x0,0x11,0x0,1,1,0x5,0x3,0x30,0x0,Kindred_Cry,Kindred_Cry,Kindred_Cry,Kindred_Cry,Kindred_Cry,Kindred_Cry,0xffff,0xffff,TRS_Prep,0x0,0x0,50,0x0,0x0,0x0,0x0,0x0,0x0,0x0,0x0,0x0,0x0,0x0,0x0,0x0,0x0,0x0,0x0,0x0,0x0,0x0,0x0,0x0,0x0,0x0,0x0,0x0,0x0,0x0,0x0,0x0,0x0,0x0,0x0,0x0,0x0,0x0,0x0,0x0,0x0,Ch17Name,0x0,0x4f,0x12,0x0,0x0,0x0,0x0,0x0,1,0x1,Ch17Objective,Ch17Objective,0x2,13,0x0,255,0,0x0,0x0
12 Ch 18 Eirika/Neleras Peak,0x81c3310,0x50,0x51,0x52,0x53,0x0,0x54,0x55,0,0,0x12,0x0,0x1,0x1b,0,0x2,0x44,0x2,0xd,0x15,0xf,0xd,0x15,0xf,0xffff,0xffff,0xb,0xffff,0xffff,50,5,5,5,5,6,6,6,6,7,7,7,7,8,8,8,8,0,100,100,100,100,80,80,80,80,60,60,60,60,40,40,40,40,0,0x424,0x424,0x424,0x424,0x172,0x172,0x56,0x13,0x0,36,0x0,0xffff,0x0,1,0x1,0x1b5,0x19e,0x1,0,0x0,255,0,50,0x0
13 Ch 19 Eirika,0x81c3314,0x18,0x57,0x1a,0x58,0x1c,0x0,0x59,3,0,0x13,0x0,0x11,0xb,0,0x11,0x44,0x2,0x11,0x18,0x11,0x11,0x18,0x11,0xffff,0xffff,0xb,0xffff,0xffff,50,5,5,5,5,6,6,6,6,7,7,7,7,8,8,8,8,0,100,100,100,100,80,80,80,80,60,60,60,60,40,40,40,40,0,0x424,0x424,0x424,0x424,0x173,0x173,0x5a,0x14,0x0,38,0x0,0xffff,0x0,1,0x1,0x1b6,0x19c,0x2,14,0xc8,255,0,11,0x0
14 Ch 20 Eirika,0x81c3318,0x1,0x5b,0x3,0x5c,0x5,0x0,0x5d,0,0,0x14,0x0,0xc,0xc,0,0xd,0x44,0x2,0xd,0x15,0xf,0xd,0x15,0xf,0xffff,0xffff,0xb,0xffff,0xffff,50,5,5,5,5,6,6,6,6,7,7,7,7,8,8,8,8,0,100,100,100,100,80,80,80,80,60,60,60,60,40,40,40,40,0,0x424,0x424,0x424,0x424,0x174,0x174,0x5e,0x15,0x0,40,0x0,0xffff,0x0,1,0x1,0x1b7,0x1a0,0x0,0,0x0,255,0,49,0x0
15 Final Ch 1 Eirika,0x81c331c,0x5f,0x60,0x61,0x62,0x0,0x0,0x63,0,0,0x15,0x0,0xc,0x14,0,0xd,0x44,0x2,0xe,0x16,0xf,0xe,0x16,0xf,0xffff,0xffff,0xb,0xffff,0xffff,50,5,5,5,5,6,6,6,6,7,7,7,7,8,8,8,8,0,100,100,100,100,80,80,80,80,60,60,60,60,40,40,40,40,0,0x424,0x424,0x424,0x424,0x175,0x175,0x64,0x16,0x0,42,0x0,0xffff,0x0,0,0x1,0x1b8,0x19d,0x3,0,0x0,255,0,52,0x0
16 Final Ch 2 Erika,0x81c3320,0x5f,0x60,0x61,0x65,0x0,0x0,0x66,0,0,0x16,0x0,0xc,0x6,0,0xd,0x44,0x2,0x45,0x16,0xf,0x45,0x16,0xf,0xffff,0xffff,0xb,0xffff,0xffff,50,5,5,5,5,6,6,6,6,7,7,7,7,8,8,8,8,0,100,100,100,100,80,80,80,80,60,60,60,60,40,40,40,40,0,0x424,0x424,0x424,0x424,0x176,0x176,0x67,0x17,0x0,43,0x0,0xffff,0x0,0,0x1,0x1b9,0x19d,0x3,0,0x0,255,0,52,0x0
17 Ch 9 Ephraim,0x81c3328,0x3c,0x68,0x3e,0x69,0x0,0x0,0x6a,0,0,0x17,0x0,0x13,0xa,0,0xa,0x34,0x2,0xc,0x14,0xf,0xc,0x14,0xf,0xffff,0xffff,0xb,0xffff,0xffff,50,5,5,5,5,6,6,6,6,7,7,7,7,8,8,8,8,0,100,100,100,100,80,80,80,80,60,60,60,60,40,40,40,40,0,0x424,0x424,0x424,0x424,0x177,0x177,0x6b,0x18,0x0,18,0x0,0xffff,0x0,1,0x1,0x1ba,0x1a1,0x0,0,0x0,255,0,38,0x0
18 Ch 10 Ephraim/Bethroen,0x81c332c,0x6c,0x6d,0x6e,0x6f,0x5,0x0,0x70,0,0,0x18,0x0,0x1,0x0,0,0x13,0x34,0x2,0xc,0x14,0xf,0xc,0x14,0xf,0xffff,0xffff,0xb,0xffff,0xffff,50,5,5,5,5,6,6,6,6,7,7,7,7,8,8,8,8,0,100,100,100,100,80,80,80,80,60,60,60,60,40,40,40,40,0,0x424,0x424,0x424,0x424,0x178,0x178,0x71,0x19,0x0,20,0x0,0xffff,0x0,1,0x1,0x1bb,0x19c,0x2,11,0x1d,255,0,7,0x0
19 Ch 12 Ephraim,0x81c3330,0xe,0x72,0x10,0x73,0x12,0x0,0x74,0,0,0x19,0x0,0x8,0x15,0,0x7,0x34,0x2,0xc,0x14,0xf,0xc,0x14,0xf,0xffff,0xffff,0xb,0xffff,0xffff,50,5,5,5,5,6,6,6,6,7,7,7,7,8,8,8,8,0,100,100,100,100,80,80,80,80,60,60,60,60,40,40,40,40,0,0x424,0x424,0x424,0x424,0x179,0x179,0x75,0x1a,0x0,24,0x0,0xffff,0x0,1,0x1,0x1bd,0x19d,0x3,0,0x0,255,0,7,0x0
1A Ch 13 Ephraim/Za'abadul Marsh,0x81c3334,0x1,0x2,0x3,0x76,0x5,0x0,0x77,0,0,0x1a,0x0,0xf,0xe,0,0x0,0x34,0x2,0xc,0x14,0xf,0xc,0x14,0xf,0xffff,0xffff,0xb,0xffff,0xffff,50,5,5,5,5,6,6,6,6,7,7,7,7,8,8,8,8,0,100,100,100,100,80,80,80,80,60,60,60,60,40,40,40,40,0,0x424,0x424,0x424,0x424,0x17a,0x17a,0x78,0x1b,0x0,26,0x0,0xffff,0x0,1,0x0,0x1be,0x19e,0x1,0,0x0,255,0,24,0x0
1B Ch 14 Ephraim,0x81c3338,0x79,0x7a,0x7b,0x7c,0x7d,0x0,0x7e,0,0,0x1b,0x0,0x1,0x0,0,0xf,0x34,0x2,0xc,0x14,0xf,0xc,0x14,0xf,0xffff,0xffff,0xb,0xffff,0xffff,50,5,5,5,5,6,6,6,6,7,7,7,7,8,8,8,8,0,100,100,100,100,80,80,80,80,60,60,60,60,40,40,40,40,0,0x424,0x424,0x424,0x424,0x17b,0x17b,0x7f,0x1c,0x0,28,0x0,0xffff,0x0,1,0x1,0x1bf,0x1a1,0x0,0,0x0,255,0,12,0x0
1C Ch 15 Ephraim,0x81c333c,0x42,0x43,0x44,0x45,0x5,0x0,0x46,0,0,0x1c,0x0,0xd,0x4,0,0x9,0x44,0x2,0xc,0x14,0xf,0xc,0x14,0xf,0xffff,0xffff,0xb,0xffff,0xffff,50,5,5,5,5,6,6,6,6,7,7,7,7,8,8,8,8,0,100,100,100,100,80,80,80,80,60,60,60,60,40,40,40,40,0,0x424,0x424,0x424,0x424,0x17c,0x17c,0x80,0x1d,0x0,30,0x0,0xffff,0x0,1,0x1,0x1b2,0x19e,0x1,0,0x0,255,0,48,0x0
1D Ch 16 Ephraim,0x81c3340,0x18,0x48,0x1a,0x49,0x1c,0x0,0x4a,0,0,0x1d,0x0,0x1,0x0,0,0x10,0x44,0x2,0xd,0x15,0xf,0xd,0x15,0xf,0xffff,0xffff,0xb,0xffff,0xffff,50,5,5,5,5,6,6,6,6,7,7,7,7,8,8,8,8,0,100,100,100,100,80,80,80,80,60,60,60,60,40,40,40,40,0,0x424,0x424,0x424,0x424,0x17d,0x17d,0x81,0x1e,0x0,32,0x0,0xffff,0x0,1,0x1,0x1b3,0x1a1,0x0,0,0x0,255,0,12,0x0
1E Ch 17 Ephraim/Narube River,0x81c3344,0x1,0x4c,0x3,0x4d,0x5,0x0,0x4e,0,0,0x1e,0x0,0x1,0x0,0,0x14,0x44,0x2,0xd,0x15,0xf,0xd,0x15,0xf,0xffff,0xffff,0xb,0xffff,0xffff,50,5,5,5,5,6,6,6,6,7,7,7,7,8,8,8,8,0,100,100,100,100,80,80,80,80,60,60,60,60,40,40,40,40,0,0x424,0x424,0x424,0x424,0x17e,0x17e,0x82,0x1f,0x0,34,0x0,0xffff,0x0,1,0x1,0x1b4,0x19d,0x3,0,0x0,255,0,24,0x0
1F Ch 18 Ephraim/Neleras Peak,0x81c3348,0x50,0x51,0x52,0x53,0x0,0x54,0x55,0,0,0x1f,0x0,0x1,0x1b,0,0x2,0x44,0x2,0xd,0x15,0xf,0xd,0x15,0xf,0xffff,0xffff,0xb,0xffff,0xffff,50,5,5,5,5,6,6,6,6,7,7,7,7,8,8,8,8,0,100,100,100,100,80,80,80,80,60,60,60,60,40,40,40,40,0,0x424,0x424,0x424,0x424,0x17f,0x17f,0x83,0x20,0x0,36,0x0,0xffff,0x0,1,0x1,0x1b5,0x19e,0x1,0,0x0,255,0,50,0x0
20 Ch 19 Ephraim,0x81c334c,0x18,0x57,0x1a,0x58,0x1c,0x0,0x59,3,0,0x20,0x0,0x11,0xb,0,0x11,0x44,0x2,0x11,0x18,0x11,0x11,0x18,0x11,0xffff,0xffff,0xb,0xffff,0xffff,50,5,5,5,5,6,6,6,6,7,7,7,7,8,8,8,8,0,100,100,100,100,80,80,80,80,60,60,60,60,40,40,40,40,0,0x424,0x424,0x424,0x424,0x180,0x180,0x84,0x21,0x0,38,0x0,0xffff,0x0,1,0x1,0x1b6,0x19c,0x2,14,0xc8,255,0,12,0x0
21 Ch 20 Ephraim,0x81c3350,0x1,0x5b,0x3,0x5c,0x5,0x0,0x5d,0,0,0x21,0x0,0xc,0xc,0,0xd,0x44,0x2,0xd,0x15,0xf,0xd,0x15,0xf,0xffff,0xffff,0xb,0xffff,0xffff,50,5,5,5,5,6,6,6,6,7,7,7,7,8,8,8,8,0,100,100,100,100,80,80,80,80,60,60,60,60,40,40,40,40,0,0x424,0x424,0x424,0x424,0x181,0x181,0x85,0x22,0x0,40,0x0,0xffff,0x0,1,0x1,0x1b7,0x1a0,0x0,0,0x0,255,0,49,0x0
22 Final Ch 1 Ephraim,0x81c3354,0x5f,0x60,0x61,0x62,0x0,0x0,0x63,0,0,0x22,0x0,0xc,0x14,0,0xd,0x44,0x2,0xe,0x16,0xf,0xe,0x16,0xf,0xffff,0xffff,0xb,0xffff,0xffff,50,5,5,5,5,6,6,6,6,7,7,7,7,8,8,8,8,0,100,100,100,100,80,80,80,80,60,60,60,60,40,40,40,40,0,0x424,0x424,0x424,0x424,0x182,0x182,0x86,0x23,0x0,42,0x0,0xffff,0x0,0,0x1,0x1b8,0x19d,0x3,0,0x0,255,0,52,0x0
23 Final Ch 2 Ephraim,0x81c3358,0x5f,0x60,0x61,0x65,0x0,0x0,0x66,0,0,0x23,0x0,0xc,0x6,0,0xd,0x44,0x2,0x45,0x16,0xf,0x45,0x16,0xf,0xffff,0xffff,0xb,0xffff,0xffff,50,5,5,5,5,6,6,6,6,7,7,7,7,8,8,8,8,0,100,100,100,100,80,80,80,80,60,60,60,60,40,40,40,40,0,0x424,0x424,0x424,0x424,0x183,0x183,0x87,0x24,0x0,43,0x0,0xffff,0x0,0,0x1,0x1b9,0x19d,0x3,0,0x0,255,0,52,0x0
24 Tower of Valni 1,0x81c3360,0x88,0x89,0x8a,0x8b,0x0,0x0,0x8c,0,0,0x24,0x0,0x1,0x0,0,0xb,0x34,0x2,0x12,0x17,0xf,0x12,0x17,0xf,0xffff,0xffff,0xb,0xffff,0xffff,50,5,5,5,5,6,6,6,6,7,7,7,7,8,8,8,8,0,100,100,100,100,80,80,80,80,60,60,60,60,40,40,40,40,0,0x424,0x424,0x424,0x424,0x184,0x184,0x8d,0x25,0x0,2,0x0,0xffff,0x0,1,0x1,0x1c0,0x19e,0x1,0,0x0,255,0,9,0x0
25 Tower of Valni 2,0x81c3364,0x88,0x89,0x8a,0x8e,0x0,0x0,0x8f,0,0,0x25,0x0,0x1,0x0,0,0xb,0x34,0x2,0x12,0x17,0xf,0x12,0x17,0xf,0xffff,0xffff,0xb,0xffff,0xffff,50,5,5,5,5,6,6,6,6,7,7,7,7,8,8,8,8,0,100,100,100,100,80,80,80,80,60,60,60,60,40,40,40,40,0,0x424,0x424,0x424,0x424,0x185,0x185,0x90,0x26,0x0,4,0x0,0xffff,0x0,1,0x1,0x1c0,0x19e,0x1,0,0x0,255,0,9,0x0
26 Tower of Valni 3,0x81c3368,0x88,0x89,0x8a,0x91,0x0,0x0,0x92,0,0,0x26,0x0,0x1,0x0,0,0xb,0x34,0x2,0x12,0x17,0xf,0x12,0x17,0xf,0xffff,0xffff,0xb,0xffff,0xffff,50,5,5,5,5,6,6,6,6,7,7,7,7,8,8,8,8,0,100,100,100,100,80,80,80,80,60,60,60,60,40,40,40,40,0,0x424,0x424,0x424,0x424,0x186,0x186,0x93,0x27,0x0,6,0x0,0xffff,0x0,1,0x1,0x1c0,0x19e,0x1,0,0x0,255,0,9,0x0
27 Tower of Valni 4,0x81c336c,0x88,0x89,0x8a,0x94,0x0,0x0,0x95,0,0,0x27,0x0,0x1,0x0,0,0xb,0x34,0x2,0x12,0x17,0xf,0x12,0x17,0xf,0xffff,0xffff,0xb,0xffff,0xffff,50,5,5,5,5,6,6,6,6,7,7,7,7,8,8,8,8,0,100,100,100,100,80,80,80,80,60,60,60,60,40,40,40,40,0,0x424,0x424,0x424,0x424,0x187,0x187,0x96,0x28,0x0,8,0x0,0xffff,0x0,1,0x1,0x1c0,0x19e,0x1,0,0x0,255,0,9,0x0
28 Tower of Valni 5,0x81c3370,0x88,0x89,0x8a,0x97,0x0,0x0,0x98,0,0,0x28,0x0,0x1,0x0,0,0xb,0x34,0x2,0x12,0x17,0xf,0x12,0x17,0xf,0xffff,0xffff,0xb,0xffff,0xffff,50,5,5,5,5,6,6,6,6,7,7,7,7,8,8,8,8,0,100,100,100,100,80,80,80,80,60,60,60,60,40,40,40,40,0,0x424,0x424,0x424,0x424,0x188,0x188,0x99,0x29,0x0,10,0x0,0xffff,0x0,1,0x1,0x1c0,0x19e,0x1,0,0x0,255,0,9,0x0
29 Tower of Valni 6,0x81c3374,0x88,0x89,0x8a,0x9a,0x0,0x0,0x9b,0,0,0x29,0x0,0x1,0x0,0,0xb,0x34,0x2,0x12,0x17,0xf,0x12,0x17,0xf,0xffff,0xffff,0xb,0xffff,0xffff,50,5,5,5,5,6,6,6,6,7,7,7,7,8,8,8,8,0,100,100,100,100,80,80,80,80,60,60,60,60,40,40,40,40,0,0x424,0x424,0x424,0x424,0x189,0x189,0x9c,0x2a,0x0,12,0x0,0xffff,0x0,1,0x1,0x1c0,0x19e,0x1,0,0x0,255,0,9,0x0
2A Tower of Valni 7,0x81c3378,0x88,0x89,0x8a,0x9d,0x0,0x0,0x9e,0,0,0x2a,0x0,0x1,0x0,0,0xb,0x34,0x2,0x12,0x17,0xf,0x12,0x17,0xf,0xffff,0xffff,0xb,0xffff,0xffff,50,5,5,5,5,6,6,6,6,7,7,7,7,8,8,8,8,0,100,100,100,100,80,80,80,80,60,60,60,60,40,40,40,40,0,0x424,0x424,0x424,0x424,0x18a,0x18a,0x9f,0x2b,0x0,14,0x0,0xffff,0x0,1,0x1,0x1c0,0x19e,0x1,0,0x0,255,0,9,0x0
2B Tower of Valni 8,0x81c337c,0x88,0x89,0x8a,0xa0,0x0,0x0,0xa1,0,0,0x2b,0x0,0x1,0x0,0,0xb,0x34,0x2,0x12,0x17,0xf,0x12,0x17,0xf,0xffff,0xffff,0xb,0xffff,0xffff,50,5,5,5,5,6,6,6,6,7,7,7,7,8,8,8,8,0,100,100,100,100,80,80,80,80,60,60,60,60,40,40,40,40,0,0x424,0x424,0x424,0x424,0x18b,0x18b,0xa2,0x2c,0x0,16,0x0,0xffff,0x0,1,0x1,0x1c0,0x19e,0x1,0,0x0,255,0,9,0x0
2C Tower of Valni 8 (Cutscene),0x81c3380,0x88,0x89,0x8a,0xa0,0x0,0x0,0xa1,0,0,0x0,0x0,0x1,0x0,0,0xb,0x34,0x2,0xffff,0xffff,0xffff,0xffff,0xffff,0xffff,0xffff,0xffff,0xffff,0xffff,0xffff,50,0,0,0,0,0,0,0,0,0,0,0,0,0,0,0,0,0,0,0,0,0,0,0,0,0,0,0,0,0,0,0,0,0,0,0x0,0x0,0x0,0x0,0x0,0x0,0x0,0x0,0x0,0,0x0,0xffff,0x0,0,0x0,0x0,0x0,0x0,0,0x0,255,0,0,0x0
2D Tower of Valni 8 (Cutscene 2),0x81c3380,0x88,0x89,0x8a,0xa0,0x0,0x0,0xa1,0,0,0x0,0x0,0x1,0x0,0,0xb,0x34,0x2,0xffff,0xffff,0xffff,0xffff,0xffff,0xffff,0xffff,0xffff,0xffff,0xffff,0xffff,50,0,0,0,0,0,0,0,0,0,0,0,0,0,0,0,0,0,0,0,0,0,0,0,0,0,0,0,0,0,0,0,0,0,0,0x0,0x0,0x0,0x0,0x0,0x0,0x0,0x0,0x0,0,0x0,0xffff,0x0,0,0x0,0x0,0x0,0x0,0,0x0,255,0,0,0x0
2E Lagdou Ruins 1,0x81c3384,0x6c,0xa3,0x6e,0xa4,0x5,0x0,0xa5,0,0,0x2e,0x0,0x1,0x0,0,0xe,0x44,0x2,0x12,0x17,0xf,0x12,0x17,0xf,0xffff,0xffff,0xb,0xffff,0xffff,50,5,5,5,5,6,6,6,6,7,7,7,7,8,8,8,8,0,100,100,100,100,80,80,80,80,60,60,60,60,40,40,40,40,0,0x424,0x424,0x424,0x424,0x18e,0x18e,0xa6,0x2d,0x0,2,0x0,0xffff,0x0,1,0x1,0x1c0,0x19e,0x1,0,0x0,255,0,9,0x0
2F Lagdou Ruins 2,0x81c3388,0x6c,0xa3,0x6e,0xa7,0x5,0x0,0xa8,0,0,0x2f,0x0,0x1,0x0,0,0xe,0x44,0x2,0x12,0x17,0xf,0x12,0x17,0xf,0xffff,0xffff,0xb,0xffff,0xffff,50,5,5,5,5,6,6,6,6,7,7,7,7,8,8,8,8,0,100,100,100,100,80,80,80,80,60,60,60,60,40,40,40,40,0,0x424,0x424,0x424,0x424,0x18f,0x18f,0xa9,0x2e,0x0,4,0x0,0xffff,0x0,1,0x1,0x1c0,0x19e,0x1,0,0x0,255,0,9,0x0
30 Lagdou Ruins 3,0x81c338c,0x6c,0xa3,0x6e,0xaa,0x5,0x0,0xab,0,0,0x30,0x0,0x1,0x0,0,0xe,0x44,0x2,0x12,0x17,0xf,0x12,0x17,0xf,0xffff,0xffff,0xb,0xffff,0xffff,50,5,5,5,5,6,6,6,6,7,7,7,7,8,8,8,8,0,100,100,100,100,80,80,80,80,60,60,60,60,40,40,40,40,0,0x424,0x424,0x424,0x424,0x190,0x190,0xac,0x2f,0x0,6,0x0,0xffff,0x0,1,0x1,0x1c0,0x19e,0x1,0,0x0,255,0,9,0x0
31 Lagdou Ruins 4,0x81c3390,0x6c,0xa3,0x6e,0xad,0x5,0x0,0xae,0,0,0x31,0x0,0x1,0x0,0,0xe,0x44,0x2,0x12,0x17,0xf,0x12,0x17,0xf,0xffff,0xffff,0xb,0xffff,0xffff,50,5,5,5,5,6,6,6,6,7,7,7,7,8,8,8,8,0,100,100,100,100,80,80,80,80,60,60,60,60,40,40,40,40,0,0x424,0x424,0x424,0x424,0x191,0x191,0xaf,0x30,0x0,8,0x0,0xffff,0x0,1,0x1,0x1c0,0x19e,0x1,0,0x0,255,0,9,0x0
32 Lagdou Ruins 5,0x81c3394,0x6c,0xa3,0x6e,0xb0,0x5,0x0,0xb1,0,0,0x32,0x0,0x1,0x0,0,0xe,0x44,0x2,0x12,0x17,0xf,0x12,0x17,0xf,0xffff,0xffff,0xb,0xffff,0xffff,50,5,5,5,5,6,6,6,6,7,7,7,7,8,8,8,8,0,100,100,100,100,80,80,80,80,60,60,60,60,40,40,40,40,0,0x424,0x424,0x424,0x424,0x192,0x192,0xb2,0x31,0x0,10,0x0,0xffff,0x0,1,0x1,0x1c0,0x19e,0x1,0,0x0,255,0,9,0x0
33 Lagdou Ruins 6,0x81c3398,0x6c,0xa3,0x6e,0xb3,0x5,0x0,0xb4,0,0,0x33,0x0,0x1,0x0,0,0xe,0x44,0x2,0x12,0x17,0xf,0x12,0x17,0xf,0xffff,0xffff,0xb,0xffff,0xffff,50,5,5,5,5,6,6,6,6,7,7,7,7,8,8,8,8,0,100,100,100,100,80,80,80,80,60,60,60,60,40,40,40,40,0,0x424,0x424,0x424,0x424,0x193,0x193,0xb5,0x32,0x0,12,0x0,0xffff,0x0,1,0x1,0x1c0,0x19e,0x1,0,0x0,255,0,9,0x0
34 Lagdou Ruins 7,0x81c339c,0x6c,0xa3,0x6e,0xb6,0x5,0x0,0xb7,0,0,0x34,0x0,0x1,0x0,0,0xe,0x44,0x2,0x12,0x17,0xf,0x12,0x17,0xf,0xffff,0xffff,0xb,0xffff,0xffff,50,5,5,5,5,6,6,6,6,7,7,7,7,8,8,8,8,0,100,100,100,100,80,80,80,80,60,60,60,60,40,40,40,40,0,0x424,0x424,0x424,0x424,0x194,0x194,0xb8,0x33,0x0,14,0x0,0xffff,0x0,1,0x1,0x1c0,0x19e,0x1,0,0x0,255,0,9,0x0
35 Lagdou Ruins 8,0x81c33a0,0x18,0xb9,0x1a,0xba,0x1c,0x0,0xbb,0,0,0x35,0x0,0x1,0x0,0,0xe,0x44,0x2,0x12,0x17,0xf,0x12,0x17,0xf,0xffff,0xffff,0xb,0xffff,0xffff,50,5,5,5,5,6,6,6,6,7,7,7,7,8,8,8,8,0,100,100,100,100,80,80,80,80,60,60,60,60,40,40,40,40,0,0x424,0x424,0x424,0x424,0x195,0x195,0xbc,0x34,0x0,16,0x0,0xffff,0x0,1,0x1,0x1c0,0x19e,0x1,0,0x0,255,0,9,0x0
36 Lagdou Ruins 9,0x81c33a4,0x50,0x51,0x52,0xbd,0x0,0x54,0xbe,0,0,0x36,0x0,0x1,0x0,0,0x2,0x44,0x2,0x12,0x17,0xf,0x12,0x17,0xf,0xffff,0xffff,0xb,0xffff,0xffff,50,5,5,5,5,6,6,6,6,7,7,7,7,8,8,8,8,0,100,100,100,100,80,80,80,80,60,60,60,60,40,40,40,40,0,0x424,0x424,0x424,0x424,0x196,0x196,0xbf,0x35,0x0,18,0x0,0xffff,0x0,1,0x1,0x1c0,0x19e,0x1,0,0x0,255,0,9,0x0
37 Lagdou Ruins 10,0x81c33a8,0x6c,0xa3,0x6e,0xc0,0x5,0x0,0xc1,0,0,0x37,0x0,0x1,0x0,0,0xe,0x44,0x2,0x12,0x17,0xf,0x12,0x17,0xf,0xffff,0xffff,0xb,0xffff,0xffff,50,5,5,5,5,6,6,6,6,7,7,7,7,8,8,8,8,0,100,100,100,100,80,80,80,80,60,60,60,60,40,40,40,40,0,0x424,0x424,0x424,0x424,0x197,0x197,0xc2,0x36,0x0,20,0x0,0xffff,0x0,1,0x1,0x1c0,0x19e,0x1,0,0x0,255,0,9,0x0
38 Lords split up (glitchy map),0x81c33ac,0x1,0x2,0x3,0xc3,0x5,0x0,0xc4,0,0,0x38,0x0,0x1,0x0,0,0xe,0x34,0x2,0x9,0x13,0xf,0x9,0x13,0xf,0xffff,0xffff,0xb,0xffff,0xffff,50,5,5,5,5,6,6,6,6,7,7,7,7,8,8,8,8,0,100,100,100,100,80,80,80,80,60,60,60,60,40,40,40,40,0,0x424,0x424,0x424,0x424,0x198,0x198,0xc5,0x37,0x0,0,0x0,0xffff,0x0,0,0x1,0x1c0,0x19e,0x1,0,0x0,255,0,9,0x0
39 Melkaen Coast,0x81c33b0,0x1,0x2,0x3,0xc6,0x5,0x0,0xc7,0,0,0x39,0x0,0x1,0x0,0,0x0,0x34,0x2,0xd,0x15,0xf,0xd,0x15,0xf,0xffff,0xffff,0xb,0xffff,0xffff,50,5,5,5,5,6,6,6,6,7,7,7,7,8,8,8,8,0,100,100,100,100,80,80,80,80,60,60,60,60,40,40,40,40,0,0x424,0x424,0x424,0x424,0x199,0x199,0xc8,0x38,0x0,0,0x0,0xffff,0x0,1,0x0,0x1c0,0x19e,0x1,0,0x0,255,0,29,0x0
3A Link Arena,0x81c3380,0x3c,0x68,0x3e,0xc9,0x0,0x0,0x0,0,0,0x0,0x0,0x1,0x0,0,0x0,0x34,0x2,0xffff,0xffff,0xffff,0xffff,0xffff,0xffff,0xffff,0xffff,0xffff,0xffff,0xffff,50,0,0,0,0,0,0,0,0,0,0,0,0,0,0,0,0,0,0,0,0,0,0,0,0,0,0,0,0,0,0,0,0,0,0,0x0,0x0,0x0,0x0,0x0,0x0,0x0,0x0,0x0,0,0x0,0xffff,0x0,0,0x0,0x0,0x0,0x0,0,0x0,255,0,0,0x0
3B The interesting map...,0x81c33b4,0xe,0xf,0x10,0xca,0x12,0x0,0x0,0,0,0x0,0x0,0x1,0x0,0,0x4,0x34,0x2,0x9,0x13,0xf,0x9,0x13,0xf,0xffff,0xffff,0xb,0xffff,0xffff,50,5,5,5,5,6,6,6,6,7,7,7,7,8,8,8,8,0,100,100,100,100,80,80,80,80,60,60,60,60,40,40,40,40,0,0x424,0x424,0x424,0x424,0x0,0x0,0xcb,0x0,0x0,0,0x0,0xffff,0x0,0,0x0,0x1c0,0x19e,0x1,0,0x0,255,0,9,0x0
3C Debug map,0x81c33b8,0x1,0x2,0x3,0xcc,0x5,0x0,0x0,0,0,0x0,0x0,0x1,0x0,0,0x4,0x34,0x2,0x9,0x13,0xf,0x9,0x13,0xf,0xffff,0xffff,0xb,0xffff,0xffff,50,5,5,5,5,6,6,6,6,7,7,7,7,8,8,8,8,0,100,100,100,100,80,80,80,80,60,60,60,60,40,40,40,40,0,0x424,0x424,0x424,0x424,0x0,0x0,0xcd,0x0,0x0,0,0x0,0xffff,0x0,0,0x0,0x1c0,0x19e,0x1,0,0x0,255,0,9,0x0
3D Ch 11 Eirika,0x81c33bc,0x3c,0xce,0x3e,0xcf,0x0,0x0,0xd0,3,0,0x3d,0x0,0x1,0x0,0,0xa,0x34,0x2,0x11,0x18,0xf,0x11,0x18,0xf,0xffff,0xffff,0xb,0xffff,0xffff,50,5,5,5,5,6,6,6,6,7,7,7,7,8,8,8,8,0,100,100,100,100,80,80,80,80,60,60,60,60,40,40,40,40,0,0x424,0x424,0x424,0x424,0x19a,0x19a,0xd1,0x39,0x0,22,0x0,0xffff,0x0,1,0x0,0x1ae,0x19e,0x1,0,0x0,255,0,26,0x0
3E Ch 11 Ephraim,0x81c33c4,0xe,0x72,0x10,0xd2,0xd3,0x0,0xd4,3,0,0x3e,0x0,0x1,0x0,0,0x8,0x34,0x2,0x11,0x18,0xf,0x11,0x18,0xf,0xffff,0xffff,0xb,0xffff,0xffff,50,5,5,5,5,6,6,6,6,7,7,7,7,8,8,8,8,0,100,100,100,100,80,80,80,80,60,60,60,60,40,40,40,40,0,0x424,0x424,0x424,0x424,0x19b,0x19b,0xd5,0x3a,0x0,22,0x0,0xffff,0x0,1,0x1,0x1bc,0x19e,0x1,0,0x0,255,0,8,0x0
3F Grado castle,0x81c3380,0x1,0x2,0x3,0xd6,0x5,0x0,0x0,0,0,0x0,0x0,0x1,0x0,0,0x0,0x0,0x0,0xffff,0xffff,0xffff,0xffff,0xffff,0xffff,0xffff,0xffff,0xffff,0xffff,0xffff,50,0,0,0,0,0,0,0,0,0,0,0,0,0,0,0,0,0,0,0,0,0,0,0,0,0,0,0,0,0,0,0,0,0,0,0x0,0x0,0x0,0x0,0x0,0x0,0xc5,0x0,0x0,0,0x0,0xffff,0x0,0,0x0,0x0,0x0,0x0,0,0x0,255,0,0,0x0
40 Renais castle,0x81c3380,0x1,0x2,0x3,0xd7,0x5,0x0,0x0,0,0,0x0,0x0,0x1,0x0,0,0x0,0x0,0x0,0xffff,0xffff,0xffff,0xffff,0xffff,0xffff,0xffff,0xffff,0xffff,0xffff,0xffff,50,0,0,0,0,0,0,0,0,0,0,0,0,0,0,0,0,0,0,0,0,0,0,0,0,0,0,0,0,0,0,0,0,0,0,0x0,0x0,0x0,0x0,0x0,0x0,0xc5,0x0,0x0,0,0x0,0xffff,0x0,0,0x0,0x0,0x0,0x0,0,0x0,255,0,0,0x0
41 Caer Pelyn,0x81c3380,0x2e,0x34,0x30,0xd8,0x0,0x0,0x0,0,0,0x0,0x0,0x1,0x0,0,0x0,0x0,0x0,0xffff,0xffff,0xffff,0xffff,0xffff,0xffff,0xffff,0xffff,0xffff,0xffff,0xffff,50,0,0,0,0,0,0,0,0,0,0,0,0,0,0,0,0,0,0,0,0,0,0,0,0,0,0,0,0,0,0,0,0,0,0,0x0,0x0,0x0,0x0,0x0,0x0,0xc5,0x0,0x0,0,0x0,0xffff,0x0,0,0x0,0x0,0x0,0x0,0,0x0,255,0,0,0x0
42 Renais throne,0x81c3380,0x18,0x48,0x1a,0xd9,0x1c,0x0,0xda,0,0,0x0,0x0,0x1,0x0,0,0x0,0x0,0x0,0xffff,0xffff,0xffff,0xffff,0xffff,0xffff,0xffff,0xffff,0xffff,0xffff,0xffff,50,0,0,0,0,0,0,0,0,0,0,0,0,0,0,0,0,0,0,0,0,0,0,0,0,0,0,0,0,0,0,0,0,0,0,0x0,0x0,0x0,0x0,0x0,0x0,0xc5,0x0,0x0,0,0x0,0xffff,0x0,0,0x0,0x0,0x0,0x0,0,0x0,255,0,0,0x0
43 Renais audience,0x81c3380,0x18,0x48,0x1a,0xdb,0x1c,0x0,0x0,0,0,0x0,0x0,0x1,0x0,0,0x0,0x0,0x0,0xffff,0xffff,0xffff,0xffff,0xffff,0xffff,0xffff,0xffff,0xffff,0xffff,0xffff,50,0,0,0,0,0,0,0,0,0,0,0,0,0,0,0,0,0,0,0,0,0,0,0,0,0,0,0,0,0,0,0,0,0,0,0x0,0x0,0x0,0x0,0x0,0x0,0xc5,0x0,0x0,0,0x0,0xffff,0x0,0,0x0,0x0,0x0,0x0,0,0x0,255,0,0,0x0
44 Renval gate,0x81c3380,0x18,0x19,0x1a,0xdc,0x1c,0x0,0x0,0,0,0x0,0x0,0x1,0x0,0,0x0,0x0,0x0,0xffff,0xffff,0xffff,0xffff,0xffff,0xffff,0xffff,0xffff,0xffff,0xffff,0xffff,50,0,0,0,0,0,0,0,0,0,0,0,0,0,0,0,0,0,0,0,0,0,0,0,0,0,0,0,0,0,0,0,0,0,0,0x0,0x0,0x0,0x0,0x0,0x0,0xc5,0x0,0x0,0,0x0,0xffff,0x0,0,0x0,0x0,0x0,0x0,0,0x0,255,0,0,0x0
45 Grado borders,0x81c3380,0x1,0x2,0x3,0xdd,0x5,0x0,0x0,0,0,0x0,0x0,0x1,0x0,0,0x0,0x0,0x0,0xffff,0xffff,0xffff,0xffff,0xffff,0xffff,0xffff,0xffff,0xffff,0xffff,0xffff,50,0,0,0,0,0,0,0,0,0,0,0,0,0,0,0,0,0,0,0,0,0,0,0,0,0,0,0,0,0,0,0,0,0,0,0x0,0x0,0x0,0x0,0x0,0x0,0xc5,0x0,0x0,0,0x0,0xffff,0x0,0,0x0,0x0,0x0,0x0,0,0x0,255,0,0,0x0
46 Grado prison,0x81c3380,0x79,0x7a,0x7b,0xde,0x7d,0x0,0xdf,0,0,0x0,0x0,0x1,0x0,0,0x0,0x0,0x0,0xffff,0xffff,0xffff,0xffff,0xffff,0xffff,0xffff,0xffff,0xffff,0xffff,0xffff,50,0,0,0,0,0,0,0,0,0,0,0,0,0,0,0,0,0,0,0,0,0,0,0,0,0,0,0,0,0,0,0,0,0,0,0x0,0x0,0x0,0x0,0x0,0x0,0xc5,0x0,0x0,0,0x0,0xffff,0x0,0,0x0,0x0,0x0,0x0,0,0x0,255,0,0,0x0
47 Grado shrine (Past),0x81c3380,0x18,0x48,0x1a,0xe0,0x1c,0x0,0xe1,0,0,0x0,0x0,0x1,0x0,0,0x0,0x0,0x0,0xffff,0xffff,0xffff,0xffff,0xffff,0xffff,0xffff,0xffff,0xffff,0xffff,0xffff,50,0,0,0,0,0,0,0,0,0,0,0,0,0,0,0,0,0,0,0,0,0,0,0,0,0,0,0,0,0,0,0,0,0,0,0x0,0x0,0x0,0x0,0x0,0x0,0xc5,0x0,0x0,0,0x0,0xffff,0x0,0,0x0,0x0,0x0,0x0,0,0x0,255,0,0,0x0
48 Renais shrine,0x81c3380,0x18,0x57,0x1a,0xe2,0x1c,0x0,0xe3,0,0,0x0,0x0,0x1,0x0,0,0x0,0x0,0x0,0xffff,0xffff,0xffff,0xffff,0xffff,0xffff,0xffff,0xffff,0xffff,0xffff,0xffff,50,0,0,0,0,0,0,0,0,0,0,0,0,0,0,0,0,0,0,0,0,0,0,0,0,0,0,0,0,0,0,0,0,0,0,0x0,0x0,0x0,0x0,0x0,0x0,0xc5,0x0,0x0,0,0x0,0xffff,0x0,0,0x0,0x0,0x0,0x0,0,0x0,255,0,0,0x0
49 Some path,0x81c3380,0x1,0x2,0x3,0xe4,0x5,0x0,0x0,0,0,0x0,0x0,0x1,0x0,0,0x0,0x0,0x0,0xffff,0xffff,0xffff,0xffff,0xffff,0xffff,0xffff,0xffff,0xffff,0xffff,0xffff,50,0,0,0,0,0,0,0,0,0,0,0,0,0,0,0,0,0,0,0,0,0,0,0,0,0,0,0,0,0,0,0,0,0,0,0x0,0x0,0x0,0x0,0x0,0x0,0xc5,0x0,0x0,0,0x0,0xffff,0x0,0,0x0,0x0,0x0,0x0,0,0x0,255,0,0,0x0
4A Some building,0x81c3380,0x3c,0x68,0x3e,0xe5,0x0,0x0,0x0,0,0,0x0,0x0,0x1,0x0,0,0x0,0x0,0x0,0xffff,0xffff,0xffff,0xffff,0xffff,0xffff,0xffff,0xffff,0xffff,0xffff,0xffff,50,0,0,0,0,0,0,0,0,0,0,0,0,0,0,0,0,0,0,0,0,0,0,0,0,0,0,0,0,0,0,0,0,0,0,0x0,0x0,0x0,0x0,0x0,0x0,0xc5,0x0,0x0,0,0x0,0xffff,0x0,0,0x0,0x0,0x0,0x0,0,0x0,255,0,0,0x0
4B Another shrine,0x81c3380,0x79,0xe6,0x7b,0xe7,0x7d,0x0,0x0,0,0,0x0,0x0,0x1,0x0,0,0x0,0x0,0x0,0xffff,0xffff,0xffff,0xffff,0xffff,0xffff,0xffff,0xffff,0xffff,0xffff,0xffff,50,0,0,0,0,0,0,0,0,0,0,0,0,0,0,0,0,0,0,0,0,0,0,0,0,0,0,0,0,0,0,0,0,0,0,0x0,0x0,0x0,0x0,0x0,0x0,0xc5,0x0,0x0,0,0x0,0xffff,0x0,0,0x0,0x0,0x0,0x0,0,0x0,255,0,0,0x0
4C Another path,0x81c3380,0x1,0x2,0x3,0xe8,0x5,0x0,0x0,0,0,0x0,0x0,0x1,0x0,0,0x0,0x0,0x0,0xffff,0xffff,0xffff,0xffff,0xffff,0xffff,0xffff,0xffff,0xffff,0xffff,0xffff,50,0,0,0,0,0,0,0,0,0,0,0,0,0,0,0,0,0,0,0,0,0,0,0,0,0,0,0,0,0,0,0,0,0,0,0x0,0x0,0x0,0x0,0x0,0x0,0xc5,0x0,0x0,0,0x0,0xffff,0x0,0,0x0,0x0,0x0,0x0,0,0x0,255,0,0,0x0
4D Grado shrine (Present),0x81c3380,0x79,0x7a,0x7b,0xe9,0x7d,0x0,0x0,0,0,0x0,0x0,0x1,0x0,0,0x0,0x0,0x0,0xffff,0xffff,0xffff,0xffff,0xffff,0xffff,0xffff,0xffff,0xffff,0xffff,0xffff,50,0,0,0,0,0,0,0,0,0,0,0,0,0,0,0,0,0,0,0,0,0,0,0,0,0,0,0,0,0,0,0,0,0,0,0x0,0x0,0x0,0x0,0x0,0x0,0xc5,0x0,0x0,0,0x0,0xffff,0x0,0,0x0,0x0,0x0,0x0,0,0x0,255,0,0,0x0
Debug,0x0,0x0,0x0,0x0,0x0,0x0,0x0,0x0,0,0x0,0x4e,0x0,1,1,0x0,0x0,0x0,0x0,Route_209,Route_209,Route_209,Route_209,Route_209,Route_209,0xffff,0xffff,Route_209,0x0,0x0,50,0x0,0x0,0x0,0x0,0x0,0x0,0x0,0x0,0x0,0x0,0x0,0x0,0x0,0x0,0x0,0x0,0x0,0x0,0x0,0x0,0x0,0x0,0x0,0x0,0x0,0x0,0x0,0x0,0x0,0x0,0x0,0x0,0x0,0x0,0x0,0x0,0x0,0x0,DebugRoomText,0x0,0xc5,0x0,0x0,0x0,0x0,0x0,0x0,0,0x0,DebugText,DebugText,0x0,0,0x0,255,0,0x0,0x0
